donation_id,donor_id,amount,donation_date
T1,D10240,212.19,2024-07-27
T2,D10441,204.53,2023-09-17
T3,D10028,107.43,2024-03-24
T4,D10192,285.25,2024-12-16
T5,D10422,45.88,2025-04-17
T6,D10302,201.67,2025-04-21
T7,D10236,196.96,2025-02-24
T8,D10456,138.5,2022-11-26
T9,D10151,206.08,2023-01-28
T10,D10283,148.24,2026-01-12
T11,D10322,226.22,2025-02-19
T12,D10008,425.22,2025-03-30
T13,D10162,226.25,2023-03-27
T14,D10250,36.0,2023-10-19
T15,D10184,457.67,2023-04-30
T16,D10020,395.79,2025-12-21
T17,D10418,163.48,2025-08-10
T18,D10270,39.16,2025-09-21
T19,D10337,90.02,2022-05-23
T20,D10026,75.69,2022-07-01
T21,D10279,138.63,2023-09-06
T22,D10107,302.52,2023-06-13
T23,D10073,379.25,2025-01-13
T24,D10332,343.39,2023-07-05
T25,D10271,310.44,2025-09-22
T26,D10301,324.85,2025-06-23
T27,D10173,416.05,2022-08-07
T28,D10030,208.14,2025-06-27
T29,D10409,29.77,2022-09-03
T30,D10323,150.09,2024-01-25
T31,D10490,162.14,2023-12-03
T32,D10090,383.23,2024-07-15
T33,D10087,183.31,2025-11-15
T34,D10212,123.89,2024-04-13
T35,D10465,210.97,2022-10-11
T36,D10098,146.55,2022-04-08
T37,D10090,185.94,2023-08-30
T38,D10223,437.26,2022-10-09
T39,D10071,139.6,2025-08-05
T40,D10124,164.22,2024-08-17
T41,D10078,374.97,2025-10-22
T42,D10158,117.76,2023-10-07
T43,D10151,30.63,2025-04-24
T44,D10491,380.59,2022-12-13
T45,D10248,121.95,2024-01-30
T46,D10012,381.96,2024-01-12
T47,D10196,257.16,2023-01-27
T48,D10437,421.31,2025-06-28
T49,D10083,214.15,2025-04-10
T50,D10492,220.78,2025-10-22
T51,D10339,434.42,2022-05-05
T52,D10224,424.9,2022-08-03
T53,D10266,164.63,2022-10-15
T54,D10472,366.12,2025-05-21
T55,D10466,294.94,2022-10-01
T56,D10064,224.47,2023-11-03
T57,D10063,35.1,2023-09-24
T58,D10482,468.04,2024-06-13
T59,D10135,450.01,2023-12-21
T60,D10222,311.43,2024-09-21
T61,D10474,305.07,2024-08-07
T62,D10248,435.32,2023-10-19
T63,D10377,98.74,2025-01-24
T64,D10365,402.55,2025-10-15
T65,D10207,174.33,2022-05-28
T66,D10030,210.76,2025-08-07
T67,D10253,369.7,2025-10-23
T68,D10193,415.39,2023-04-16
T69,D10474,459.86,2023-09-17
T70,D10444,73.0,2022-08-08
T71,D10470,428.02,2023-07-14
T72,D10240,192.4,2024-12-06
T73,D10253,35.77,2023-03-02
T74,D10108,62.14,2025-05-02
T75,D10245,277.36,2022-05-13
T76,D10160,231.99,2024-03-29
T77,D10362,179.26,2025-10-06
T78,D10073,234.5,2024-11-11
T79,D10377,131.3,2024-09-04
T80,D10365,343.25,2025-07-31
T81,D10423,59.27,2023-11-27
T82,D10394,220.37,2024-02-16
T83,D10066,467.45,2023-02-19
T84,D10071,133.57,2025-08-03
T85,D10120,51.6,2026-02-08
T86,D10202,128.98,2024-05-04
T87,D10434,450.26,2024-05-18
T88,D10452,399.38,2023-12-22
T89,D10113,252.47,2022-10-31
T90,D10262,50.87,2024-12-06
T91,D10496,314.42,2024-01-10
T92,D10073,330.1,2025-03-07
T93,D10229,454.68,2026-02-10
T94,D10058,185.36,2024-09-14
T95,D10101,429.51,2023-06-09
T96,D10345,126.17,2024-02-20
T97,D10341,385.88,2024-09-03
T98,D10455,332.13,2023-10-08
T99,D10369,433.0,2025-02-07
T100,D10391,99.46,2025-12-22
T101,D10165,353.24,2024-08-31
T102,D10135,308.2,2022-05-17
T103,D10430,217.13,2023-06-07
T104,D10244,160.7,2025-11-28
T105,D10139,110.06,2023-06-04
T106,D10335,38.16,2024-04-17
T107,D10198,434.65,2023-10-27
T108,D10111,233.11,2024-09-21
T109,D10408,233.56,2023-06-04
T110,D10176,456.07,2025-09-01
T111,D10318,422.06,2022-07-23
T112,D10107,301.41,2023-01-02
T113,D10444,196.22,2022-07-30
T114,D10056,429.76,2022-07-14
T115,D10222,475.65,2023-06-17
T116,D10391,413.4,2024-11-12
T117,D10325,398.97,2022-07-08
T118,D10212,419.23,2022-07-26
T119,D10086,241.35,2024-02-10
T120,D10112,106.65,2026-01-21
T121,D10475,116.71,2025-12-26
T122,D10234,465.07,2025-12-18
T123,D10161,359.43,2022-09-09
T124,D10310,124.69,2022-06-19
T125,D10473,113.86,2023-09-01
T126,D10167,361.15,2023-10-04
T127,D10074,301.24,2025-08-18
T128,D10483,232.22,2024-01-07
T129,D10373,43.52,2024-03-30
T130,D10003,181.63,2023-02-01
T131,D10032,291.72,2024-11-23
T132,D10480,178.32,2023-07-07
T133,D10114,397.26,2025-09-13
T134,D10017,144.44,2023-01-16
T135,D10395,22.14,2024-11-23
T136,D10342,289.96,2025-02-16
T137,D10020,341.54,2025-07-23
T138,D10257,132.84,2023-10-03
T139,D10309,265.03,2025-05-29
T140,D10046,73.32,2025-08-06
T141,D10022,404.88,2024-06-20
T142,D10306,293.66,2022-05-24
T143,D10130,103.52,2022-03-07
T144,D10366,397.47,2023-10-06
T145,D10427,163.31,2022-04-14
T146,D10063,313.48,2025-01-01
T147,D10201,269.45,2024-05-20
T148,D10086,462.28,2025-12-11
T149,D10405,287.03,2022-03-10
T150,D10196,381.35,2022-07-31
T151,D10287,455.16,2025-05-20
T152,D10368,125.34,2024-02-09
T153,D10480,269.58,2025-01-03
T154,D10402,488.07,2022-09-26
T155,D10372,175.26,2025-10-30
T156,D10471,371.91,2025-12-13
T157,D10232,235.79,2025-05-19
T158,D10485,460.14,2022-09-24
T159,D10345,292.7,2022-04-07
T160,D10382,323.46,2023-04-27
T161,D10049,6.72,2023-05-13
T162,D10188,235.54,2023-07-08
T163,D10078,102.32,2025-07-18
T164,D10307,29.71,2022-04-08
T165,D10320,25.98,2024-01-07
T166,D10198,466.64,2023-03-02
T167,D10353,378.57,2023-12-28
T168,D10499,125.68,2022-06-27
T169,D10393,261.32,2022-05-24
T170,D10311,284.8,2023-11-28
T171,D10020,28.93,2025-06-02
T172,D10449,131.49,2023-11-25
T173,D10288,87.05,2023-07-12
T174,D10152,238.67,2025-03-06
T175,D10057,43.63,2023-07-25
T176,D10224,221.82,2023-08-11
T177,D10112,230.46,2023-03-16
T178,D10016,274.41,2024-10-12
T179,D10329,319.27,2025-10-01
T180,D10217,216.15,2022-05-13
T181,D10436,140.17,2024-05-16
T182,D10198,191.53,2025-11-01
T183,D10168,27.71,2023-08-26
T184,D10198,112.55,2024-09-10
T185,D10414,318.09,2025-06-24
T186,D10297,180.36,2025-08-20
T187,D10443,12.15,2024-10-14
T188,D10315,53.55,2025-04-30
T189,D10270,303.05,2022-10-15
T190,D10170,34.27,2024-02-19
T191,D10394,24.9,2022-12-13
T192,D10489,53.28,2022-12-27
T193,D10434,203.15,2022-12-21
T194,D10488,420.5,2024-10-30
T195,D10106,89.6,2024-05-29
T196,D10130,102.54,2023-10-05
T197,D10112,309.43,2022-10-08
T198,D10201,394.79,2023-12-17
T199,D10138,23.76,2025-06-25
T200,D10178,180.59,2024-08-09
T201,D10303,39.75,2024-11-20
T202,D10248,343.3,2026-01-04
T203,D10128,467.69,2022-05-02
T204,D10277,248.58,2023-10-28
T205,D10349,280.5,2024-09-17
T206,D10185,381.93,2025-09-18
T207,D10175,92.24,2023-10-21
T208,D10442,331.51,2022-07-06
T209,D10010,202.69,2025-09-15
T210,D10379,141.83,2023-03-29
T211,D10424,474.85,2022-06-23
T212,D10077,226.2,2022-09-14
T213,D10492,170.32,2023-05-19
T214,D10150,188.38,2025-01-19
T215,D10327,321.46,2025-10-26
T216,D10241,440.45,2025-05-22
T217,D10136,312.73,2024-05-06
T218,D10411,336.66,2025-09-23
T219,D10114,284.2,2025-02-27
T220,D10107,386.13,2022-08-04
T221,D10103,166.75,2023-07-17
T222,D10428,334.44,2025-12-03
T223,D10022,46.32,2022-07-04
T224,D10132,302.41,2025-12-17
T225,D10039,333.63,2026-02-13
T226,D10112,75.28,2025-10-26
T227,D10257,417.62,2023-01-19
T228,D10333,469.92,2022-03-06
T229,D10467,157.45,2023-02-24
T230,D10428,86.22,2024-01-14
T231,D10090,75.2,2024-01-18
T232,D10358,402.56,2023-04-02
T233,D10100,237.83,2022-03-08
T234,D10345,141.84,2025-05-27
T235,D10129,343.55,2024-04-24
T236,D10312,352.64,2026-01-05
T237,D10476,343.37,2023-03-21
T238,D10259,36.96,2025-05-04
T239,D10432,230.97,2024-04-18
T240,D10272,29.93,2023-09-22
T241,D10367,496.77,2024-08-19
T242,D10401,85.13,2024-08-07
T243,D10099,44.12,2022-07-09
T244,D10367,444.75,2023-03-06
T245,D10410,301.78,2025-06-18
T246,D10319,277.52,2022-07-16
T247,D10395,247.44,2022-02-24
T248,D10198,35.83,2023-10-28
T249,D10328,164.03,2024-04-26
T250,D10223,349.45,2025-09-26
T251,D10424,454.9,2025-06-13
T252,D10096,261.03,2022-12-12
T253,D10385,483.14,2024-02-14
T254,D10116,176.5,2023-12-16
T255,D10110,401.64,2025-05-21
T256,D10452,272.35,2024-08-20
T257,D10178,190.53,2023-04-06
T258,D10330,52.1,2023-02-08
T259,D10375,134.05,2022-05-07
T260,D10323,273.43,2024-03-22
T261,D10042,358.34,2022-11-30
T262,D10308,104.49,2024-12-15
T263,D10294,349.89,2024-06-08
T264,D10473,221.76,2025-10-06
T265,D10089,380.69,2022-02-23
T266,D10254,185.76,2023-11-25
T267,D10139,25.94,2022-05-04
T268,D10430,228.73,2024-02-25
T269,D10122,479.04,2024-05-27
T270,D10070,108.57,2024-09-08
T271,D10441,331.91,2023-08-04
T272,D10166,47.75,2024-04-06
T273,D10048,455.01,2025-04-19
T274,D10226,180.18,2025-10-06
T275,D10286,208.02,2023-05-13
T276,D10245,190.16,2022-03-09
T277,D10352,317.79,2024-09-06
T278,D10381,175.74,2025-08-20
T279,D10331,387.54,2022-06-12
T280,D10444,86.35,2022-08-17
T281,D10265,300.54,2024-03-23
T282,D10446,259.81,2025-10-27
T283,D10423,488.75,2025-01-25
T284,D10182,144.36,2025-07-19
T285,D10197,270.81,2024-01-07
T286,D10467,380.36,2022-03-02
T287,D10109,183.64,2025-01-12
T288,D10324,271.06,2024-08-19
T289,D10095,377.83,2025-12-29
T290,D10363,44.79,2025-09-01
T291,D10060,155.31,2025-03-04
T292,D10251,339.33,2023-10-29
T293,D10333,217.1,2023-09-08
T294,D10291,317.97,2024-09-05
T295,D10492,424.14,2023-11-01
T296,D10020,273.58,2022-08-16
T297,D10176,151.26,2023-08-11
T298,D10420,238.05,2024-11-12
T299,D10431,234.03,2026-02-06
T300,D10452,72.36,2024-10-13
T301,D10084,474.68,2022-10-23
T302,D10173,122.29,2025-10-30
T303,D10377,295.49,2025-08-07
T304,D10373,414.75,2023-01-10
T305,D10234,332.26,2025-01-25
T306,D10037,204.93,2025-01-10
T307,D10461,387.03,2023-12-14
T308,D10367,156.56,2023-09-21
T309,D10413,242.61,2022-03-20
T310,D10008,258.38,2022-05-04
T311,D10058,17.17,2022-04-21
T312,D10178,211.33,2024-12-11
T313,D10363,481.12,2024-05-23
T314,D10056,314.43,2023-08-06
T315,D10294,490.79,2023-12-27
T316,D10137,245.42,2024-02-13
T317,D10431,340.04,2025-04-10
T318,D10179,185.74,2024-11-16
T319,D10032,225.23,2025-10-04
T320,D10342,220.18,2023-07-03
T321,D10014,144.99,2022-10-17
T322,D10081,436.67,2025-08-22
T323,D10459,113.1,2023-08-06
T324,D10148,303.23,2025-08-17
T325,D10333,357.58,2023-08-25
T326,D10273,133.48,2022-09-21
T327,D10344,90.41,2022-04-04
T328,D10120,183.55,2023-06-19
T329,D10256,328.6,2024-07-06
T330,D10276,434.38,2025-07-06
T331,D10151,447.28,2025-01-31
T332,D10256,209.85,2024-04-03
T333,D10201,381.52,2022-11-25
T334,D10132,372.32,2025-08-01
T335,D10156,99.52,2022-12-24
T336,D10053,451.12,2025-05-25
T337,D10170,127.12,2024-05-15
T338,D10155,311.48,2024-04-02
T339,D10399,73.46,2024-12-24
T340,D10056,14.88,2024-01-12
T341,D10183,310.74,2026-02-07
T342,D10262,113.48,2023-01-20
T343,D10352,279.83,2022-10-31
T344,D10022,377.2,2022-08-27
T345,D10458,249.74,2023-09-09
T346,D10293,349.18,2025-07-01
T347,D10038,458.14,2024-07-22
T348,D10411,164.47,2022-08-16
T349,D10066,33.88,2023-07-16
T350,D10180,373.37,2024-05-27
T351,D10312,321.31,2025-03-09
T352,D10149,70.35,2024-03-10
T353,D10231,459.57,2025-06-30
T354,D10085,471.77,2022-08-25
T355,D10259,407.52,2022-08-17
T356,D10246,440.63,2022-07-18
T357,D10182,331.75,2024-09-06
T358,D10082,168.62,2024-12-31
T359,D10474,218.34,2024-02-29
T360,D10334,134.92,2022-04-02
T361,D10037,147.71,2025-05-01
T362,D10276,234.7,2025-12-06
T363,D10106,161.34,2023-02-18
T364,D10056,25.01,2023-09-01
T365,D10340,17.79,2022-03-31
T366,D10190,80.32,2025-10-24
T367,D10324,488.77,2025-03-14
T368,D10459,429.79,2022-11-15
T369,D10478,202.58,2024-07-05
T370,D10083,14.77,2025-04-23
T371,D10317,92.14,2022-03-11
T372,D10466,100.19,2024-03-04
T373,D10195,196.25,2022-07-03
T374,D10241,70.33,2022-08-25
T375,D10099,194.1,2023-08-13
T376,D10485,96.95,2023-08-20
T377,D10021,56.52,2025-03-12
T378,D10233,263.06,2023-03-10
T379,D10462,231.77,2026-02-02
T380,D10373,491.7,2023-06-15
T381,D10494,300.08,2024-07-09
T382,D10394,299.62,2023-08-19
T383,D10419,480.51,2024-05-28
T384,D10483,464.13,2025-08-17
T385,D10461,373.1,2025-08-27
T386,D10051,192.25,2022-06-03
T387,D10398,399.57,2024-10-29
T388,D10001,479.59,2024-01-29
T389,D10393,20.0,2022-12-05
T390,D10428,158.21,2024-06-01
T391,D10095,33.43,2026-02-14
T392,D10446,223.71,2022-05-02
T393,D10030,353.25,2024-04-03
T394,D10195,346.72,2024-07-03
T395,D10497,353.52,2024-03-08
T396,D10000,487.89,2022-07-30
T397,D10197,132.09,2026-02-19
T398,D10053,235.04,2025-11-20
T399,D10005,420.01,2024-09-01
T400,D10281,379.27,2024-11-01
T401,D10125,246.81,2023-11-15
T402,D10109,300.88,2022-10-11
T403,D10090,479.72,2025-07-01
T404,D10123,426.23,2023-07-24
T405,D10110,96.84,2025-09-12
T406,D10287,389.69,2024-05-18
T407,D10483,29.76,2023-04-01
T408,D10254,316.69,2024-04-10
T409,D10112,213.33,2023-10-13
T410,D10415,351.64,2022-08-11
T411,D10365,213.47,2022-12-07
T412,D10354,46.46,2026-02-09
T413,D10399,99.39,2024-09-23
T414,D10066,5.13,2024-11-20
T415,D10278,492.98,2022-10-31
T416,D10493,189.51,2024-06-17
T417,D10483,486.34,2023-02-18
T418,D10275,320.89,2025-05-21
T419,D10200,82.89,2022-06-09
T420,D10270,376.73,2023-12-12
T421,D10389,176.44,2022-09-09
T422,D10065,289.05,2023-04-29
T423,D10070,67.8,2025-03-03
T424,D10377,55.86,2023-06-22
T425,D10152,111.45,2026-01-19
T426,D10488,334.61,2024-12-08
T427,D10088,374.57,2022-06-30
T428,D10193,6.98,2022-10-28
T429,D10237,276.42,2024-06-03
T430,D10212,262.08,2023-03-08
T431,D10377,479.6,2023-04-02
T432,D10308,207.18,2022-08-07
T433,D10404,255.07,2025-04-28
T434,D10360,163.5,2023-04-16
T435,D10445,84.03,2024-05-27
T436,D10088,16.61,2023-08-30
T437,D10159,311.74,2024-08-01
T438,D10003,344.71,2024-09-06
T439,D10470,405.62,2025-12-27
T440,D10452,44.59,2024-07-09
T441,D10323,330.63,2022-12-07
T442,D10372,290.61,2025-03-19
T443,D10258,60.48,2025-12-16
T444,D10157,174.99,2023-09-27
T445,D10431,233.06,2025-01-17
T446,D10209,346.42,2023-10-14
T447,D10249,386.33,2025-07-08
T448,D10039,330.82,2025-03-22
T449,D10122,287.76,2023-09-01
T450,D10393,456.44,2022-08-05
T451,D10013,263.83,2023-03-31
T452,D10270,435.05,2024-09-25
T453,D10192,13.73,2023-11-29
T454,D10391,284.56,2022-06-08
T455,D10130,377.95,2024-06-17
T456,D10313,340.82,2022-08-01
T457,D10331,466.61,2023-08-05
T458,D10154,56.03,2022-12-09
T459,D10384,221.13,2025-02-23
T460,D10009,95.03,2022-06-30
T461,D10045,310.19,2023-08-30
T462,D10380,170.34,2023-12-21
T463,D10424,80.75,2024-10-05
T464,D10352,471.04,2025-06-28
T465,D10260,367.97,2024-03-15
T466,D10232,82.27,2022-08-14
T467,D10239,173.48,2024-12-09
T468,D10008,176.06,2025-06-12
T469,D10055,403.46,2025-04-17
T470,D10433,97.5,2023-08-30
T471,D10275,52.64,2025-10-13
T472,D10434,305.98,2022-04-16
T473,D10464,453.19,2024-10-08
T474,D10094,89.79,2022-06-05
T475,D10114,71.08,2025-02-16
T476,D10107,451.63,2024-10-21
T477,D10386,395.99,2023-02-20
T478,D10220,355.21,2025-10-21
T479,D10372,231.68,2025-10-04
T480,D10244,135.61,2025-06-22
T481,D10415,199.57,2022-03-06
T482,D10154,257.0,2025-04-01
T483,D10334,213.14,2024-07-18
T484,D10159,329.33,2025-09-07
T485,D10017,125.44,2024-05-03
T486,D10341,208.14,2024-06-30
T487,D10208,320.58,2024-01-16
T488,D10471,65.86,2023-11-11
T489,D10212,365.14,2024-10-13
T490,D10233,86.51,2025-01-20
T491,D10144,386.23,2025-04-24
T492,D10199,413.53,2025-11-11
T493,D10186,21.83,2024-01-28
T494,D10268,480.4,2025-06-19
T495,D10189,434.23,2024-04-21
T496,D10129,277.07,2025-06-27
T497,D10085,28.12,2026-01-26
T498,D10165,15.12,2023-06-22
T499,D10184,449.33,2024-06-18
T500,D10011,382.84,2025-11-26
T501,D10101,355.48,2025-01-08
T502,D10094,239.25,2025-01-03
T503,D10092,347.97,2023-10-28
T504,D10212,447.44,2025-08-08
T505,D10126,269.32,2024-11-04
T506,D10153,302.53,2025-03-21
T507,D10057,332.1,2022-08-09
T508,D10398,27.2,2025-07-07
T509,D10162,242.95,2026-02-01
T510,D10004,54.28,2022-12-19
T511,D10078,57.22,2025-05-14
T512,D10220,454.82,2024-04-01
T513,D10150,165.63,2022-05-26
T514,D10245,132.12,2023-10-22
T515,D10423,136.06,2023-10-04
T516,D10361,35.59,2023-02-02
T517,D10167,339.55,2022-06-10
T518,D10247,20.03,2023-05-31
T519,D10359,78.2,2023-05-25
T520,D10471,495.67,2024-06-19
T521,D10455,491.58,2023-11-14
T522,D10061,163.18,2025-09-15
T523,D10130,180.9,2023-12-08
T524,D10160,499.48,2026-01-26
T525,D10291,377.13,2025-06-23
T526,D10118,21.26,2026-02-10
T527,D10227,220.31,2022-03-22
T528,D10223,353.2,2023-12-05
T529,D10213,66.27,2022-11-20
T530,D10243,248.22,2022-03-12
T531,D10003,16.65,2026-01-20
T532,D10091,334.78,2024-05-04
T533,D10309,203.31,2022-03-31
T534,D10465,23.09,2026-01-20
T535,D10270,173.48,2024-09-29
T536,D10173,355.87,2024-06-16
T537,D10026,33.62,2025-01-11
T538,D10005,494.23,2024-07-10
T539,D10422,19.84,2024-05-19
T540,D10210,101.14,2025-07-28
T541,D10226,237.13,2025-09-30
T542,D10139,103.7,2025-05-24
T543,D10353,64.27,2025-07-15
T544,D10483,52.63,2024-06-28
T545,D10269,353.6,2024-04-18
T546,D10189,179.63,2023-10-14
T547,D10111,424.84,2025-04-21
T548,D10052,169.94,2024-08-25
T549,D10168,229.97,2022-04-25
T550,D10380,416.51,2023-08-01
T551,D10464,249.51,2026-01-28
T552,D10270,320.22,2024-07-30
T553,D10058,92.1,2024-03-03
T554,D10115,325.11,2024-04-25
T555,D10176,234.12,2023-04-25
T556,D10052,20.33,2023-11-08
T557,D10106,62.3,2025-05-28
T558,D10042,492.12,2022-07-02
T559,D10019,74.43,2023-01-11
T560,D10428,212.95,2025-12-23
T561,D10223,28.89,2023-01-13
T562,D10212,393.78,2025-09-30
T563,D10358,196.65,2023-03-03
T564,D10389,191.82,2025-08-30
T565,D10423,128.4,2024-05-07
T566,D10449,267.53,2025-05-07
T567,D10100,324.77,2026-02-11
T568,D10150,273.51,2024-01-15
T569,D10121,165.35,2023-04-07
T570,D10341,232.26,2022-12-09
T571,D10352,349.01,2025-03-15
T572,D10059,251.07,2024-05-04
T573,D10355,178.67,2025-10-12
T574,D10123,373.49,2025-04-18
T575,D10332,140.77,2026-01-23
T576,D10217,38.9,2023-12-02
T577,D10010,55.05,2024-07-04
T578,D10245,39.71,2026-01-05
T579,D10197,490.34,2024-05-07
T580,D10430,416.2,2023-09-27
T581,D10162,216.4,2025-11-30
T582,D10063,410.73,2022-02-26
T583,D10115,223.76,2024-11-09
T584,D10257,293.38,2022-12-13
T585,D10332,171.5,2023-10-15
T586,D10392,91.1,2024-02-21
T587,D10486,277.73,2023-03-09
T588,D10235,235.31,2025-11-18
T589,D10335,380.16,2025-12-31
T590,D10136,198.17,2025-05-09
T591,D10107,151.82,2022-04-09
T592,D10278,213.45,2024-07-08
T593,D10384,183.71,2025-03-24
T594,D10389,428.42,2023-09-18
T595,D10248,43.2,2025-01-07
T596,D10080,50.78,2025-01-08
T597,D10162,38.48,2025-02-21
T598,D10274,308.62,2024-12-02
T599,D10365,227.95,2024-11-13
T600,D10079,485.21,2025-06-11
T601,D10313,217.17,2023-07-06
T602,D10369,394.07,2024-12-22
T603,D10351,308.25,2023-03-02
T604,D10217,420.91,2023-09-23
T605,D10049,272.68,2026-01-15
T606,D10264,432.38,2025-04-24
T607,D10126,376.79,2024-07-12
T608,D10099,336.62,2022-12-11
T609,D10494,398.57,2024-03-09
T610,D10061,361.63,2023-02-20
T611,D10336,319.93,2023-11-08
T612,D10458,207.29,2024-07-25
T613,D10016,108.27,2022-05-24
T614,D10087,444.84,2023-10-14
T615,D10064,6.35,2023-05-17
T616,D10250,217.2,2022-06-18
T617,D10201,60.69,2025-12-25
T618,D10443,283.96,2024-07-01
T619,D10043,335.96,2023-12-11
T620,D10418,367.53,2023-03-25
T621,D10376,280.3,2023-06-14
T622,D10039,61.87,2023-11-09
T623,D10171,101.77,2023-04-30
T624,D10431,293.19,2025-09-10
T625,D10016,27.61,2023-11-01
T626,D10121,163.44,2025-03-16
T627,D10343,120.52,2024-06-21
T628,D10223,77.3,2023-06-07
T629,D10055,36.36,2025-05-04
T630,D10447,107.05,2023-01-13
T631,D10274,180.32,2024-09-24
T632,D10220,24.61,2022-05-25
T633,D10421,209.14,2023-11-18
T634,D10328,420.2,2025-11-14
T635,D10479,128.98,2025-09-16
T636,D10422,190.73,2022-09-11
T637,D10488,206.8,2025-11-19
T638,D10268,307.06,2022-08-26
T639,D10240,213.91,2022-08-27
T640,D10125,184.24,2022-06-10
T641,D10170,116.55,2022-04-29
T642,D10226,69.3,2022-05-03
T643,D10160,406.53,2022-12-23
T644,D10189,98.31,2025-06-08
T645,D10037,259.9,2023-11-12
T646,D10054,486.31,2025-07-04
T647,D10185,268.78,2022-11-21
T648,D10028,299.22,2023-04-21
T649,D10317,178.92,2023-01-19
T650,D10059,25.76,2025-08-15
T651,D10152,450.35,2022-05-19
T652,D10341,38.08,2024-11-15
T653,D10204,399.97,2025-12-04
T654,D10261,298.57,2025-01-24
T655,D10403,421.85,2026-02-08
T656,D10201,456.11,2025-10-21
T657,D10136,207.45,2024-11-13
T658,D10396,74.14,2022-04-11
T659,D10289,57.19,2022-11-03
T660,D10282,151.55,2026-01-26
T661,D10368,81.56,2025-05-13
T662,D10232,360.03,2024-07-18
T663,D10296,224.92,2024-12-13
T664,D10298,490.77,2023-07-27
T665,D10345,482.11,2025-04-23
T666,D10489,163.37,2025-11-05
T667,D10016,208.1,2024-04-05
T668,D10479,265.53,2022-07-24
T669,D10467,470.68,2023-05-28
T670,D10322,447.2,2025-03-04
T671,D10476,199.3,2024-10-24
T672,D10169,250.19,2022-04-11
T673,D10196,498.0,2024-01-31
T674,D10042,327.15,2025-07-30
T675,D10236,405.0,2025-05-22
T676,D10321,362.56,2022-12-13
T677,D10393,226.75,2024-01-18
T678,D10358,245.44,2022-08-31
T679,D10078,21.49,2024-02-08
T680,D10096,438.01,2023-12-01
T681,D10173,44.46,2022-12-04
T682,D10005,263.06,2025-11-21
T683,D10247,357.98,2024-03-27
T684,D10002,42.09,2022-09-11
T685,D10281,334.93,2025-05-16
T686,D10291,411.31,2024-06-04
T687,D10013,78.51,2022-10-09
T688,D10337,241.25,2025-12-25
T689,D10030,74.17,2023-12-08
T690,D10180,397.47,2025-12-28
T691,D10008,27.72,2024-09-10
T692,D10497,448.57,2025-07-22
T693,D10139,321.92,2024-03-04
T694,D10278,30.32,2025-03-08
T695,D10459,222.44,2022-05-05
T696,D10208,364.58,2022-03-29
T697,D10432,465.48,2025-12-28
T698,D10155,367.55,2022-07-18
T699,D10076,272.72,2025-07-15
T700,D10022,11.79,2024-05-10
T701,D10276,426.26,2023-04-25
T702,D10114,160.81,2023-04-23
T703,D10426,436.18,2025-12-01
T704,D10367,293.38,2025-08-13
T705,D10289,78.93,2024-04-05
T706,D10307,48.87,2023-11-18
T707,D10450,310.04,2024-09-16
T708,D10401,270.52,2023-10-22
T709,D10003,276.23,2023-09-25
T710,D10255,424.36,2025-04-18
T711,D10288,401.37,2024-12-16
T712,D10036,235.36,2025-11-26
T713,D10034,238.56,2023-01-07
T714,D10066,442.31,2024-03-03
T715,D10257,379.06,2024-05-05
T716,D10049,459.82,2023-12-15
T717,D10270,230.31,2024-06-02
T718,D10087,101.09,2022-07-22
T719,D10397,398.13,2023-10-04
T720,D10181,212.03,2025-01-02
T721,D10182,115.07,2023-09-30
T722,D10317,319.44,2025-12-30
T723,D10226,356.34,2024-10-15
T724,D10110,121.96,2025-12-09
T725,D10081,79.79,2022-08-23
T726,D10113,223.81,2024-06-29
T727,D10134,129.22,2024-05-15
T728,D10404,52.98,2022-06-30
T729,D10441,48.92,2024-11-12
T730,D10261,10.6,2025-01-12
T731,D10058,38.0,2024-11-13
T732,D10397,379.04,2023-05-29
T733,D10339,466.61,2025-04-19
T734,D10174,242.19,2025-03-06
T735,D10371,265.28,2025-07-11
T736,D10414,396.69,2022-10-25
T737,D10479,144.49,2022-11-08
T738,D10443,362.5,2024-01-12
T739,D10027,11.19,2024-12-13
T740,D10163,391.91,2023-08-29
T741,D10052,438.54,2024-10-20
T742,D10220,150.78,2024-09-15
T743,D10460,174.06,2024-01-02
T744,D10229,392.19,2025-05-24
T745,D10230,366.83,2024-04-11
T746,D10248,256.47,2023-07-15
T747,D10374,365.23,2024-09-02
T748,D10476,149.95,2025-03-06
T749,D10093,115.86,2023-06-14
T750,D10136,145.24,2025-11-20
T751,D10108,314.28,2022-09-08
T752,D10139,96.87,2022-11-19
T753,D10068,490.84,2024-03-07
T754,D10067,398.43,2023-09-22
T755,D10218,48.78,2024-12-06
T756,D10044,200.71,2024-08-06
T757,D10168,158.82,2025-05-12
T758,D10224,109.69,2025-09-04
T759,D10169,189.57,2022-10-25
T760,D10133,231.6,2023-04-12
T761,D10254,75.05,2023-12-09
T762,D10141,28.77,2022-12-22
T763,D10449,375.91,2023-04-10
T764,D10306,239.63,2024-07-08
T765,D10195,429.22,2025-09-03
T766,D10082,328.81,2025-07-01
T767,D10177,290.56,2023-06-11
T768,D10178,284.02,2023-01-19
T769,D10188,22.38,2022-09-15
T770,D10410,75.27,2025-07-04
T771,D10075,256.24,2023-04-20
T772,D10004,126.82,2024-10-05
T773,D10302,146.54,2023-09-05
T774,D10432,300.58,2022-04-07
T775,D10368,462.9,2024-09-10
T776,D10126,320.34,2022-04-02
T777,D10364,77.59,2024-02-09
T778,D10202,212.57,2025-02-09
T779,D10116,489.35,2025-06-12
T780,D10403,220.74,2025-01-04
T781,D10048,250.54,2024-12-16
T782,D10157,192.38,2023-07-12
T783,D10153,22.21,2023-05-07
T784,D10085,353.71,2024-10-24
T785,D10448,145.81,2024-01-25
T786,D10064,328.71,2025-10-14
T787,D10072,321.53,2026-02-07
T788,D10080,118.07,2024-08-19
T789,D10142,370.49,2022-06-08
T790,D10018,172.96,2022-07-20
T791,D10358,345.31,2024-09-01
T792,D10140,278.54,2023-11-24
T793,D10029,403.0,2025-10-12
T794,D10347,161.1,2025-02-10
T795,D10174,255.6,2024-01-20
T796,D10327,369.25,2023-02-08
T797,D10373,9.06,2025-01-20
T798,D10450,262.56,2024-09-19
T799,D10327,278.52,2024-11-23
T800,D10486,70.98,2022-08-18
T801,D10045,233.61,2022-06-26
T802,D10169,259.71,2023-02-03
T803,D10333,54.48,2025-02-18
T804,D10031,14.77,2025-09-27
T805,D10354,281.04,2025-12-05
T806,D10393,166.7,2023-11-16
T807,D10372,420.52,2025-03-27
T808,D10165,74.15,2024-01-19
T809,D10293,426.95,2023-01-25
T810,D10105,258.39,2025-09-24
T811,D10366,28.87,2022-09-20
T812,D10176,64.04,2023-05-02
T813,D10468,295.82,2025-04-10
T814,D10419,482.52,2023-11-20
T815,D10252,29.91,2025-07-01
T816,D10369,373.72,2022-04-20
T817,D10374,357.5,2024-12-12
T818,D10210,33.27,2022-08-20
T819,D10135,127.51,2025-03-25
T820,D10025,22.53,2023-02-05
T821,D10085,20.5,2025-01-17
T822,D10079,20.08,2025-11-20
T823,D10234,368.89,2022-03-24
T824,D10444,341.18,2024-06-11
T825,D10311,226.72,2023-06-09
T826,D10367,379.93,2022-05-27
T827,D10062,266.33,2024-09-02
T828,D10252,34.51,2023-06-29
T829,D10033,86.94,2025-10-18
T830,D10355,266.35,2025-08-26
T831,D10473,458.95,2024-12-14
T832,D10031,36.05,2025-11-24
T833,D10282,211.48,2023-03-30
T834,D10041,92.73,2025-11-04
T835,D10431,292.25,2025-01-19
T836,D10490,390.15,2023-04-11
T837,D10198,462.81,2024-03-14
T838,D10408,464.13,2023-09-23
T839,D10038,304.81,2023-01-12
T840,D10036,473.37,2022-09-16
T841,D10129,174.9,2022-11-25
T842,D10373,133.37,2023-01-21
T843,D10044,470.51,2023-09-13
T844,D10023,174.72,2022-12-09
T845,D10128,421.29,2024-10-22
T846,D10285,187.41,2024-10-21
T847,D10481,285.26,2022-02-22
T848,D10313,277.07,2025-09-19
T849,D10223,463.34,2024-05-31
T850,D10316,62.65,2025-10-15
T851,D10356,21.33,2025-11-24
T852,D10415,58.79,2024-03-31
T853,D10489,499.87,2025-07-08
T854,D10276,30.47,2025-12-19
T855,D10254,84.92,2026-02-03
T856,D10306,134.64,2024-01-02
T857,D10299,298.75,2023-07-13
T858,D10146,38.75,2023-03-22
T859,D10213,9.39,2022-03-22
T860,D10412,201.62,2024-12-24
T861,D10286,152.14,2024-10-10
T862,D10055,379.41,2025-02-24
T863,D10358,427.67,2022-06-13
T864,D10215,430.2,2025-03-29
T865,D10195,28.65,2022-11-19
T866,D10035,125.87,2023-03-29
T867,D10395,386.84,2024-04-22
T868,D10281,336.84,2025-05-11
T869,D10440,41.77,2025-09-17
T870,D10416,466.61,2026-02-05
T871,D10267,13.97,2025-10-30
T872,D10401,455.83,2025-10-09
T873,D10284,294.55,2025-01-14
T874,D10438,166.59,2023-07-21
T875,D10321,58.99,2024-08-08
T876,D10379,288.01,2022-03-31
T877,D10128,314.85,2025-07-10
T878,D10343,67.77,2025-09-16
T879,D10121,321.33,2023-02-05
T880,D10380,362.55,2023-09-21
T881,D10497,99.24,2023-11-15
T882,D10072,380.07,2025-10-08
T883,D10238,440.64,2022-07-26
T884,D10041,145.35,2024-11-05
T885,D10074,310.16,2023-10-02
T886,D10465,437.46,2024-06-28
T887,D10417,180.9,2023-01-22
T888,D10448,23.77,2025-11-15
T889,D10342,363.25,2024-02-16
T890,D10385,317.6,2023-09-05
T891,D10024,234.2,2025-05-16
T892,D10416,427.59,2024-04-27
T893,D10017,50.41,2025-08-16
T894,D10388,156.39,2023-01-16
T895,D10263,213.46,2023-07-26
T896,D10441,365.73,2025-02-19
T897,D10371,350.14,2025-03-24
T898,D10022,207.61,2026-01-19
T899,D10470,395.08,2024-02-25
T900,D10269,246.2,2024-01-19
T901,D10270,238.72,2025-02-02
T902,D10415,496.88,2025-02-09
T903,D10154,326.58,2023-06-13
T904,D10319,455.66,2025-11-03
T905,D10044,238.49,2025-01-21
T906,D10393,279.2,2022-12-30
T907,D10327,45.52,2025-02-20
T908,D10223,420.85,2023-04-16
T909,D10013,29.24,2024-10-12
T910,D10178,29.62,2024-03-24
T911,D10346,227.58,2022-07-05
T912,D10010,277.21,2023-08-29
T913,D10429,103.31,2022-09-23
T914,D10007,99.96,2024-03-02
T915,D10124,35.0,2022-08-24
T916,D10387,41.98,2023-12-27
T917,D10399,414.92,2024-01-30
T918,D10180,119.45,2025-09-19
T919,D10472,308.9,2025-11-21
T920,D10465,147.98,2023-11-08
T921,D10459,363.18,2025-04-20
T922,D10243,364.99,2024-10-01
T923,D10138,298.33,2024-08-13
T924,D10088,311.28,2024-01-10
T925,D10113,340.09,2022-12-29
T926,D10305,362.93,2022-10-17
T927,D10058,260.72,2023-11-17
T928,D10456,335.22,2024-02-15
T929,D10398,470.58,2025-05-21
T930,D10130,108.61,2022-11-27
T931,D10149,136.92,2022-07-12
T932,D10463,463.21,2022-03-13
T933,D10250,230.15,2023-12-10
T934,D10003,115.38,2024-12-07
T935,D10053,331.97,2024-01-27
T936,D10108,20.43,2022-08-28
T937,D10123,35.99,2024-10-08
T938,D10259,332.04,2023-06-04
T939,D10017,368.78,2023-02-14
T940,D10378,179.08,2022-06-08
T941,D10368,339.6,2023-04-30
T942,D10230,248.66,2024-05-08
T943,D10266,497.74,2022-12-28
T944,D10199,51.28,2024-12-07
T945,D10380,312.41,2024-07-25
T946,D10008,485.95,2022-10-25
T947,D10300,123.36,2025-03-05
T948,D10434,66.06,2025-06-19
T949,D10099,398.78,2025-12-06
T950,D10097,83.48,2025-04-02
T951,D10283,403.34,2022-04-14
T952,D10064,347.39,2024-04-15
T953,D10473,75.01,2023-04-04
T954,D10283,374.26,2024-10-15
T955,D10068,123.68,2022-10-22
T956,D10130,225.27,2026-02-17
T957,D10011,402.29,2022-05-19
T958,D10131,474.44,2025-04-18
T959,D10326,122.06,2025-03-13
T960,D10035,131.35,2025-01-16
T961,D10437,483.77,2025-03-28
T962,D10121,45.64,2025-01-13
T963,D10226,147.39,2025-03-31
T964,D10086,120.62,2025-05-31
T965,D10283,299.0,2025-10-30
T966,D10135,322.72,2022-03-09
T967,D10049,15.64,2025-01-04
T968,D10370,422.94,2022-04-19
T969,D10144,406.41,2025-01-08
T970,D10252,466.94,2025-02-25
T971,D10491,230.05,2022-12-18
T972,D10188,457.84,2024-04-19
T973,D10190,254.96,2022-05-07
T974,D10041,196.02,2025-06-02
T975,D10143,145.27,2025-11-22
T976,D10430,80.25,2022-08-09
T977,D10451,116.24,2023-02-17
T978,D10031,328.98,2025-02-14
T979,D10119,481.47,2022-08-25
T980,D10255,71.32,2025-01-04
T981,D10352,74.99,2025-04-19
T982,D10046,17.66,2022-02-23
T983,D10340,308.71,2025-03-12
T984,D10204,236.14,2024-12-15
T985,D10162,149.75,2022-11-26
T986,D10332,477.41,2023-01-20
T987,D10258,381.09,2022-04-16
T988,D10392,357.86,2022-12-18
T989,D10074,357.43,2023-06-01
T990,D10018,127.14,2024-08-31
T991,D10319,81.1,2025-11-01
T992,D10018,488.57,2024-07-02
T993,D10213,131.69,2024-03-19
T994,D10402,346.13,2025-10-07
T995,D10202,401.48,2024-05-10
T996,D10345,99.96,2022-07-04
T997,D10049,164.9,2022-08-19
T998,D10302,116.11,2023-03-31
T999,D10486,356.48,2024-10-18
T1000,D10088,436.31,2024-05-08
T1001,D10076,82.02,2025-01-31
T1002,D10479,324.15,2025-07-05
T1003,D10272,440.55,2025-08-08
T1004,D10250,356.81,2022-05-11
T1005,D10116,88.43,2022-12-12
T1006,D10340,89.23,2022-05-14
T1007,D10043,483.75,2022-12-30
T1008,D10186,28.72,2022-08-19
T1009,D10327,318.13,2025-07-16
T1010,D10277,481.91,2025-01-16
T1011,D10405,237.66,2024-05-11
T1012,D10138,165.85,2022-10-01
T1013,D10031,412.33,2024-10-11
T1014,D10292,297.61,2022-07-03
T1015,D10073,273.62,2023-02-14
T1016,D10066,183.69,2022-10-09
T1017,D10048,369.95,2025-09-20
T1018,D10131,259.51,2022-04-10
T1019,D10135,21.29,2023-05-29
T1020,D10012,305.63,2024-02-03
T1021,D10221,257.04,2024-10-11
T1022,D10333,229.11,2026-02-01
T1023,D10498,487.45,2023-04-12
T1024,D10462,337.71,2024-03-04
T1025,D10050,189.09,2022-12-27
T1026,D10325,347.28,2023-09-08
T1027,D10257,352.39,2025-11-06
T1028,D10165,51.36,2025-01-09
T1029,D10231,491.88,2022-10-19
T1030,D10257,325.94,2023-03-21
T1031,D10090,433.77,2025-11-07
T1032,D10140,129.16,2024-07-22
T1033,D10389,279.23,2023-04-23
T1034,D10425,167.47,2022-07-24
T1035,D10000,444.77,2023-03-26
T1036,D10376,403.26,2022-06-21
T1037,D10333,197.58,2022-09-06
T1038,D10489,309.84,2022-05-13
T1039,D10237,334.54,2024-04-14
T1040,D10079,308.32,2022-09-23
T1041,D10398,432.15,2025-04-21
T1042,D10159,330.57,2022-10-05
T1043,D10017,498.55,2022-12-10
T1044,D10186,243.05,2022-06-07
T1045,D10439,357.8,2023-07-30
T1046,D10134,479.84,2025-05-07
T1047,D10117,168.0,2024-01-05
T1048,D10039,11.35,2023-07-04
T1049,D10461,389.36,2024-03-13
T1050,D10055,431.61,2024-09-29
T1051,D10232,141.45,2022-03-21
T1052,D10199,359.97,2025-06-27
T1053,D10173,298.9,2024-10-09
T1054,D10149,177.52,2022-05-30
T1055,D10470,59.68,2023-06-10
T1056,D10204,318.95,2023-07-23
T1057,D10289,26.03,2024-02-09
T1058,D10295,408.83,2023-06-17
T1059,D10487,197.33,2025-04-20
T1060,D10456,310.46,2024-09-10
T1061,D10162,264.34,2023-11-15
T1062,D10304,295.79,2024-06-09
T1063,D10485,308.76,2023-02-23
T1064,D10439,477.13,2025-04-28
T1065,D10450,187.74,2022-11-24
T1066,D10372,398.05,2024-12-24
T1067,D10003,278.76,2023-09-24
T1068,D10034,303.28,2025-07-02
T1069,D10494,119.82,2023-09-22
T1070,D10155,205.46,2025-01-10
T1071,D10283,104.34,2025-12-08
T1072,D10101,301.94,2024-09-01
T1073,D10010,213.07,2025-11-29
T1074,D10180,315.32,2025-07-29
T1075,D10144,195.03,2023-10-18
T1076,D10077,368.2,2025-12-15
T1077,D10388,9.36,2022-03-11
T1078,D10064,20.76,2023-11-16
T1079,D10001,204.58,2025-08-16
T1080,D10422,175.54,2024-08-10
T1081,D10259,367.67,2023-08-02
T1082,D10330,299.93,2025-07-08
T1083,D10374,52.06,2022-11-08
T1084,D10479,125.65,2022-12-01
T1085,D10416,412.09,2023-04-13
T1086,D10498,358.65,2024-12-12
T1087,D10036,373.71,2023-04-22
T1088,D10294,121.54,2024-07-25
T1089,D10261,496.63,2023-06-28
T1090,D10345,299.02,2023-10-19
T1091,D10470,442.14,2024-05-23
T1092,D10055,444.9,2023-04-01
T1093,D10262,406.97,2023-11-19
T1094,D10299,144.38,2024-09-28
T1095,D10108,336.5,2024-07-29
T1096,D10110,366.73,2023-05-15
T1097,D10315,142.39,2026-01-16
T1098,D10259,443.81,2023-10-23
T1099,D10233,205.74,2025-03-14
T1100,D10027,184.22,2024-11-08
T1101,D10089,264.72,2024-07-03
T1102,D10249,334.26,2024-04-22
T1103,D10226,419.76,2025-04-20
T1104,D10459,260.67,2022-04-21
T1105,D10067,397.04,2024-07-10
T1106,D10421,160.58,2024-07-07
T1107,D10276,285.66,2025-09-16
T1108,D10088,45.99,2024-09-22
T1109,D10379,363.28,2022-10-14
T1110,D10476,160.26,2023-07-20
T1111,D10244,409.34,2022-08-05
T1112,D10073,197.4,2025-02-14
T1113,D10283,131.32,2026-01-26
T1114,D10354,458.63,2022-12-13
T1115,D10053,185.78,2023-03-25
T1116,D10248,324.04,2023-11-13
T1117,D10038,107.92,2022-05-27
T1118,D10024,63.43,2025-08-25
T1119,D10261,69.85,2022-03-23
T1120,D10284,77.63,2023-07-20
T1121,D10308,348.19,2024-08-19
T1122,D10424,390.18,2023-02-08
T1123,D10086,83.24,2022-11-25
T1124,D10464,67.37,2024-03-17
T1125,D10078,423.74,2022-04-29
T1126,D10007,472.28,2025-08-27
T1127,D10368,245.81,2022-08-08
T1128,D10130,54.18,2022-12-20
T1129,D10493,478.41,2022-09-07
T1130,D10376,217.73,2025-07-13
T1131,D10483,83.56,2023-01-11
T1132,D10033,493.26,2023-10-07
T1133,D10060,10.07,2025-01-11
T1134,D10301,406.96,2025-09-05
T1135,D10184,470.51,2022-04-15
T1136,D10319,212.41,2022-11-19
T1137,D10327,263.2,2025-07-02
T1138,D10407,40.02,2024-08-27
T1139,D10388,180.27,2024-07-27
T1140,D10145,141.67,2022-10-12
T1141,D10468,462.13,2022-02-22
T1142,D10324,465.03,2023-02-22
T1143,D10349,48.14,2022-06-04
T1144,D10032,419.33,2025-07-25
T1145,D10074,339.87,2025-10-06
T1146,D10216,433.37,2025-12-20
T1147,D10142,448.32,2024-02-25
T1148,D10249,21.04,2024-06-14
T1149,D10430,76.92,2022-11-17
T1150,D10062,472.76,2022-11-08
T1151,D10247,372.67,2024-02-26
T1152,D10072,299.94,2023-11-21
T1153,D10324,321.15,2023-04-30
T1154,D10381,246.97,2025-09-22
T1155,D10256,302.03,2023-12-23
T1156,D10420,31.72,2022-03-29
T1157,D10390,15.98,2024-11-05
T1158,D10360,487.13,2022-04-20
T1159,D10061,72.78,2023-08-15
T1160,D10139,203.95,2026-01-25
T1161,D10014,142.5,2024-10-05
T1162,D10345,31.35,2024-02-07
T1163,D10357,274.49,2023-07-15
T1164,D10151,495.76,2023-01-25
T1165,D10362,367.18,2022-07-13
T1166,D10368,203.98,2022-06-28
T1167,D10009,138.69,2024-09-03
T1168,D10426,400.23,2022-11-26
T1169,D10198,260.24,2022-12-10
T1170,D10055,93.55,2025-04-11
T1171,D10275,150.56,2023-11-10
T1172,D10229,402.1,2023-11-21
T1173,D10316,246.08,2022-12-01
T1174,D10003,454.58,2024-04-16
T1175,D10296,181.06,2022-04-14
T1176,D10044,41.53,2025-06-03
T1177,D10121,157.06,2026-01-25
T1178,D10215,281.55,2023-02-27
T1179,D10068,76.18,2023-10-18
T1180,D10001,32.62,2024-02-21
T1181,D10074,188.61,2025-05-12
T1182,D10471,320.41,2025-11-06
T1183,D10431,380.66,2024-11-30
T1184,D10134,213.53,2022-05-09
T1185,D10271,186.19,2024-11-26
T1186,D10279,209.59,2026-01-07
T1187,D10294,5.78,2023-07-05
T1188,D10335,130.32,2025-12-28
T1189,D10109,360.19,2024-12-13
T1190,D10149,18.13,2022-11-14
T1191,D10142,5.36,2026-02-16
T1192,D10084,470.35,2023-08-22
T1193,D10060,218.59,2024-11-13
T1194,D10170,139.07,2025-06-24
T1195,D10403,451.42,2022-07-16
T1196,D10325,196.57,2025-08-15
T1197,D10461,84.23,2024-01-18
T1198,D10281,430.6,2024-09-26
T1199,D10033,163.76,2024-10-08
T1200,D10478,16.89,2024-09-18
T1201,D10094,362.1,2023-08-31
T1202,D10403,94.39,2022-10-19
T1203,D10140,198.91,2022-07-15
T1204,D10280,53.12,2022-08-27
T1205,D10099,238.85,2023-01-04
T1206,D10078,249.32,2025-01-19
T1207,D10238,391.43,2023-08-19
T1208,D10035,484.12,2024-09-02
T1209,D10148,124.78,2025-07-10
T1210,D10295,247.22,2023-03-18
T1211,D10281,102.48,2022-03-11
T1212,D10164,342.81,2022-12-24
T1213,D10162,489.65,2024-06-07
T1214,D10097,271.37,2023-04-19
T1215,D10267,214.11,2022-07-10
T1216,D10398,183.94,2026-01-31
T1217,D10201,27.42,2022-05-29
T1218,D10484,150.51,2022-04-01
T1219,D10325,180.87,2025-05-12
T1220,D10487,217.85,2022-05-12
T1221,D10212,242.31,2024-12-23
T1222,D10476,253.12,2024-08-27
T1223,D10140,424.05,2024-06-07
T1224,D10240,371.99,2023-12-24
T1225,D10263,120.9,2023-05-19
T1226,D10171,391.62,2025-05-26
T1227,D10296,91.74,2024-10-25
T1228,D10354,340.64,2023-12-01
T1229,D10394,402.34,2022-06-24
T1230,D10084,52.06,2024-07-05
T1231,D10240,352.5,2025-08-26
T1232,D10294,162.53,2024-06-29
T1233,D10291,53.5,2022-10-21
T1234,D10035,151.61,2024-03-31
T1235,D10261,83.49,2022-03-26
T1236,D10136,60.24,2024-04-26
T1237,D10154,87.71,2023-09-16
T1238,D10302,173.88,2022-06-22
T1239,D10081,352.31,2022-07-19
T1240,D10024,39.54,2024-03-17
T1241,D10031,136.54,2024-12-04
T1242,D10381,418.18,2024-01-21
T1243,D10161,198.74,2023-08-21
T1244,D10076,420.32,2022-04-27
T1245,D10110,127.1,2022-06-17
T1246,D10400,410.7,2025-04-13
T1247,D10367,300.12,2023-02-03
T1248,D10085,115.16,2023-01-18
T1249,D10163,151.69,2025-05-28
T1250,D10072,260.37,2025-01-20
T1251,D10074,237.56,2022-07-02
T1252,D10135,70.06,2023-08-25
T1253,D10492,298.22,2024-08-23
T1254,D10417,188.77,2025-03-22
T1255,D10338,164.27,2024-07-12
T1256,D10450,408.97,2023-06-10
T1257,D10471,493.2,2022-07-24
T1258,D10439,445.81,2022-03-25
T1259,D10026,20.84,2024-03-23
T1260,D10165,23.03,2022-10-23
T1261,D10271,412.01,2022-07-10
T1262,D10195,397.01,2024-06-05
T1263,D10475,335.15,2023-08-16
T1264,D10160,350.83,2022-05-11
T1265,D10232,342.22,2023-09-21
T1266,D10295,484.63,2022-09-18
T1267,D10051,253.57,2026-02-13
T1268,D10373,270.63,2022-08-07
T1269,D10016,470.32,2022-05-11
T1270,D10336,419.34,2025-06-27
T1271,D10024,469.62,2023-12-28
T1272,D10457,337.44,2023-08-16
T1273,D10095,266.21,2022-10-05
T1274,D10006,203.84,2023-01-09
T1275,D10118,76.4,2022-06-20
T1276,D10323,497.64,2023-02-04
T1277,D10091,294.07,2022-08-22
T1278,D10122,277.93,2023-03-28
T1279,D10468,31.82,2025-04-13
T1280,D10005,490.14,2023-06-04
T1281,D10101,120.73,2022-03-21
T1282,D10084,297.91,2022-08-03
T1283,D10001,5.78,2023-07-18
T1284,D10309,111.96,2025-01-29
T1285,D10236,313.88,2022-04-25
T1286,D10033,481.45,2024-08-12
T1287,D10405,89.79,2022-06-27
T1288,D10045,126.88,2025-05-14
T1289,D10059,402.76,2022-10-20
T1290,D10161,40.29,2024-04-03
T1291,D10176,68.5,2022-08-16
T1292,D10084,20.79,2023-03-23
T1293,D10062,271.8,2024-03-28
T1294,D10187,326.04,2025-07-07
T1295,D10051,283.65,2024-11-21
T1296,D10448,56.64,2024-02-29
T1297,D10174,14.43,2025-06-16
T1298,D10024,387.77,2024-12-09
T1299,D10210,356.39,2023-01-30
T1300,D10479,275.83,2023-07-26
T1301,D10287,405.84,2022-08-24
T1302,D10135,251.51,2025-08-26
T1303,D10034,240.14,2024-06-11
T1304,D10218,261.82,2025-01-05
T1305,D10431,264.5,2024-08-02
T1306,D10438,17.16,2022-03-15
T1307,D10050,357.83,2022-07-12
T1308,D10477,139.28,2022-06-17
T1309,D10083,327.66,2025-06-21
T1310,D10069,222.59,2024-03-08
T1311,D10331,338.97,2022-03-10
T1312,D10288,375.51,2026-01-06
T1313,D10390,191.85,2025-11-09
T1314,D10431,27.96,2023-03-14
T1315,D10348,479.54,2025-01-29
T1316,D10062,113.11,2022-03-14
T1317,D10455,339.2,2023-06-12
T1318,D10076,284.08,2023-11-28
T1319,D10366,355.69,2023-07-09
T1320,D10075,335.08,2025-05-29
T1321,D10074,486.02,2023-04-19
T1322,D10385,426.0,2022-06-20
T1323,D10149,53.13,2022-12-16
T1324,D10446,128.47,2026-02-16
T1325,D10182,499.33,2025-07-20
T1326,D10187,216.34,2022-04-24
T1327,D10339,497.47,2024-12-11
T1328,D10449,234.35,2024-04-24
T1329,D10469,457.09,2023-07-29
T1330,D10081,348.14,2024-11-04
T1331,D10496,273.84,2025-12-08
T1332,D10239,35.54,2024-01-09
T1333,D10196,164.78,2022-09-17
T1334,D10495,394.65,2024-01-17
T1335,D10119,426.77,2022-09-23
T1336,D10399,265.93,2023-06-30
T1337,D10042,378.29,2022-07-15
T1338,D10349,415.12,2023-11-26
T1339,D10281,222.57,2023-04-14
T1340,D10089,476.76,2024-05-20
T1341,D10261,12.32,2022-06-11
T1342,D10110,359.63,2023-08-03
T1343,D10378,107.07,2023-01-05
T1344,D10083,164.43,2023-05-15
T1345,D10333,351.23,2024-03-12
T1346,D10496,160.4,2023-08-17
T1347,D10171,479.71,2022-11-17
T1348,D10003,306.8,2025-11-06
T1349,D10489,406.45,2022-04-09
T1350,D10046,493.51,2023-07-27
T1351,D10041,25.09,2024-01-01
T1352,D10405,15.32,2024-08-23
T1353,D10387,421.72,2023-04-25
T1354,D10023,106.45,2022-07-13
T1355,D10469,271.23,2023-10-27
T1356,D10340,416.32,2022-10-30
T1357,D10334,42.55,2025-04-22
T1358,D10486,185.19,2025-07-07
T1359,D10157,409.62,2025-04-04
T1360,D10176,190.0,2025-12-24
T1361,D10465,318.71,2024-08-04
T1362,D10000,105.29,2023-05-06
T1363,D10418,423.9,2024-04-19
T1364,D10157,272.63,2026-01-10
T1365,D10108,459.52,2024-10-05
T1366,D10106,392.91,2023-03-11
T1367,D10430,147.98,2024-12-25
T1368,D10427,143.32,2025-06-11
T1369,D10002,317.59,2024-10-09
T1370,D10284,488.63,2025-05-01
T1371,D10440,173.82,2023-07-22
T1372,D10248,422.94,2022-10-19
T1373,D10162,352.73,2024-04-05
T1374,D10314,190.63,2024-12-31
T1375,D10314,343.81,2025-01-07
T1376,D10045,194.68,2025-07-25
T1377,D10146,377.95,2023-01-13
T1378,D10061,347.61,2024-12-24
T1379,D10485,187.15,2025-11-02
T1380,D10165,381.44,2023-08-04
T1381,D10466,51.07,2026-01-21
T1382,D10478,463.28,2025-08-26
T1383,D10423,296.01,2025-08-11
T1384,D10128,212.73,2024-08-03
T1385,D10443,278.0,2024-08-21
T1386,D10242,94.84,2023-12-12
T1387,D10085,425.81,2022-07-29
T1388,D10485,162.35,2022-03-16
T1389,D10386,369.92,2023-03-23
T1390,D10120,361.92,2024-02-01
T1391,D10016,339.63,2024-04-22
T1392,D10052,180.24,2025-07-15
T1393,D10446,224.63,2023-11-08
T1394,D10176,425.72,2023-01-04
T1395,D10368,181.47,2023-01-05
T1396,D10196,317.14,2022-04-12
T1397,D10060,230.53,2024-04-24
T1398,D10330,65.55,2025-12-27
T1399,D10429,229.39,2024-05-17
T1400,D10410,113.85,2023-12-06
T1401,D10049,468.96,2023-01-31
T1402,D10457,71.23,2023-01-30
T1403,D10235,15.0,2022-03-04
T1404,D10004,260.02,2025-02-23
T1405,D10336,331.38,2024-01-12
T1406,D10162,489.74,2025-05-10
T1407,D10309,214.74,2026-01-31
T1408,D10256,19.39,2026-02-11
T1409,D10003,112.65,2025-06-14
T1410,D10479,213.3,2022-07-21
T1411,D10382,276.85,2023-11-08
T1412,D10368,159.57,2022-10-16
T1413,D10098,33.09,2025-02-14
T1414,D10390,496.94,2024-05-20
T1415,D10186,229.09,2025-03-31
T1416,D10262,140.77,2022-11-23
T1417,D10129,11.85,2022-10-22
T1418,D10422,416.78,2024-11-07
T1419,D10346,476.7,2022-05-25
T1420,D10056,111.64,2024-05-02
T1421,D10466,357.74,2023-06-09
T1422,D10090,188.27,2024-05-14
T1423,D10326,390.64,2024-01-23
T1424,D10127,283.66,2025-07-22
T1425,D10041,143.96,2024-03-20
T1426,D10041,178.05,2023-09-19
T1427,D10440,212.23,2022-07-06
T1428,D10238,32.27,2024-06-25
T1429,D10468,169.86,2024-03-13
T1430,D10427,399.49,2023-02-09
T1431,D10222,316.35,2023-05-04
T1432,D10091,189.17,2022-05-22
T1433,D10232,253.23,2024-02-19
T1434,D10167,61.62,2023-07-11
T1435,D10441,116.22,2023-10-22
T1436,D10445,33.09,2025-06-30
T1437,D10333,464.46,2022-09-14
T1438,D10471,380.85,2022-11-13
T1439,D10038,83.99,2023-02-10
T1440,D10149,425.05,2024-12-09
T1441,D10335,188.22,2022-10-29
T1442,D10493,268.37,2023-07-31
T1443,D10355,60.9,2024-10-24
T1444,D10127,202.09,2025-08-15
T1445,D10051,417.55,2024-05-28
T1446,D10424,381.47,2024-01-24
T1447,D10391,265.31,2025-09-06
T1448,D10327,323.89,2022-11-02
T1449,D10238,451.81,2025-08-26
T1450,D10412,187.0,2025-03-30
T1451,D10315,496.88,2025-12-13
T1452,D10097,439.41,2024-10-07
T1453,D10142,270.4,2022-02-26
T1454,D10179,237.65,2022-08-16
T1455,D10336,281.48,2022-12-10
T1456,D10045,124.74,2024-01-08
T1457,D10388,414.06,2024-11-05
T1458,D10468,20.28,2023-06-09
T1459,D10232,14.22,2024-06-01
T1460,D10466,39.65,2022-12-29
T1461,D10164,392.15,2025-10-29
T1462,D10401,369.5,2025-01-23
T1463,D10347,207.13,2022-12-03
T1464,D10228,103.02,2025-07-19
T1465,D10078,368.37,2022-07-18
T1466,D10057,390.48,2025-02-05
T1467,D10103,375.5,2024-03-19
T1468,D10026,335.42,2022-03-07
T1469,D10089,226.39,2023-01-07
T1470,D10076,204.14,2023-07-28
T1471,D10178,487.66,2025-04-22
T1472,D10420,454.94,2023-08-03
T1473,D10465,56.14,2025-11-17
T1474,D10400,160.07,2022-07-18
T1475,D10070,453.68,2026-01-08
T1476,D10429,429.74,2025-02-28
T1477,D10389,93.82,2022-08-14
T1478,D10100,292.43,2023-11-06
T1479,D10208,223.45,2023-05-31
T1480,D10466,499.72,2023-01-31
T1481,D10376,105.74,2024-03-14
T1482,D10128,318.94,2023-08-24
T1483,D10490,365.95,2024-01-16
T1484,D10025,28.37,2025-11-30
T1485,D10098,359.36,2025-02-26
T1486,D10289,412.09,2024-02-08
T1487,D10410,465.03,2024-07-17
T1488,D10270,442.57,2024-12-19
T1489,D10182,253.8,2023-08-23
T1490,D10434,73.65,2024-10-02
T1491,D10367,335.12,2022-03-24
T1492,D10430,131.95,2023-05-11
T1493,D10396,122.25,2024-04-16
T1494,D10448,434.5,2025-01-08
T1495,D10463,414.24,2024-07-06
T1496,D10145,434.47,2024-05-26
T1497,D10190,194.5,2024-01-20
T1498,D10320,404.41,2024-11-16
T1499,D10178,112.22,2024-06-16
T1500,D10305,354.53,2022-06-14
T1501,D10381,40.85,2025-11-05
T1502,D10248,214.08,2024-10-18
T1503,D10208,474.13,2022-05-17
T1504,D10107,466.0,2022-10-29
T1505,D10227,386.3,2025-12-11
T1506,D10120,91.68,2024-11-08
T1507,D10483,442.0,2024-09-30
T1508,D10442,358.23,2026-02-03
T1509,D10011,403.92,2024-03-21
T1510,D10030,166.32,2025-11-12
T1511,D10104,81.08,2026-02-02
T1512,D10282,254.69,2023-03-24
T1513,D10153,388.26,2025-07-10
T1514,D10186,186.44,2024-03-02
T1515,D10305,457.34,2024-11-19
T1516,D10106,237.62,2024-05-19
T1517,D10358,39.92,2025-10-12
T1518,D10251,352.21,2025-11-30
T1519,D10060,165.46,2023-09-24
T1520,D10290,156.53,2024-08-18
T1521,D10299,106.14,2026-01-21
T1522,D10377,405.89,2024-01-26
T1523,D10476,340.74,2022-07-18
T1524,D10364,156.25,2023-01-20
T1525,D10340,361.18,2022-02-23
T1526,D10340,184.08,2023-04-10
T1527,D10393,54.9,2024-02-15
T1528,D10446,125.19,2023-07-18
T1529,D10101,372.72,2025-09-27
T1530,D10094,403.98,2025-01-04
T1531,D10062,116.08,2024-06-06
T1532,D10013,478.31,2023-06-26
T1533,D10123,407.41,2022-08-26
T1534,D10357,321.87,2024-11-27
T1535,D10143,33.93,2023-03-06
T1536,D10328,430.21,2023-03-06
T1537,D10143,40.68,2025-12-14
T1538,D10465,395.23,2024-11-22
T1539,D10279,115.38,2025-10-25
T1540,D10223,312.07,2022-12-19
T1541,D10457,67.17,2022-06-18
T1542,D10288,127.44,2025-10-24
T1543,D10089,471.03,2022-10-23
T1544,D10284,297.09,2023-01-27
T1545,D10357,365.79,2025-04-30
T1546,D10403,387.51,2025-05-03
T1547,D10385,274.41,2024-07-29
T1548,D10338,82.11,2022-12-09
T1549,D10196,277.48,2025-12-29
T1550,D10478,93.53,2023-10-31
T1551,D10085,294.11,2023-04-26
T1552,D10368,282.67,2025-12-12
T1553,D10110,155.01,2022-11-09
T1554,D10380,398.85,2025-07-29
T1555,D10332,274.27,2022-12-12
T1556,D10263,288.48,2024-03-11
T1557,D10415,244.28,2022-05-03
T1558,D10422,121.75,2025-09-23
T1559,D10339,453.7,2022-10-05
T1560,D10335,130.61,2023-05-10
T1561,D10179,419.0,2024-02-12
T1562,D10350,204.42,2022-03-06
T1563,D10247,326.83,2022-09-25
T1564,D10155,72.08,2025-07-24
T1565,D10132,177.37,2022-06-19
T1566,D10150,387.64,2022-08-28
T1567,D10443,254.94,2023-01-01
T1568,D10435,256.42,2024-03-23
T1569,D10469,472.55,2024-05-28
T1570,D10482,446.62,2022-04-17
T1571,D10265,241.79,2025-07-14
T1572,D10455,487.37,2022-08-22
T1573,D10420,300.69,2025-12-01
T1574,D10265,15.38,2024-10-22
T1575,D10178,76.3,2024-12-01
T1576,D10035,397.89,2025-11-21
T1577,D10366,63.16,2023-12-02
T1578,D10072,112.99,2026-02-02
T1579,D10369,488.22,2023-11-08
T1580,D10166,493.93,2023-06-25
T1581,D10337,328.28,2025-10-12
T1582,D10345,371.51,2024-09-16
T1583,D10341,23.92,2025-08-29
T1584,D10424,6.1,2025-09-17
T1585,D10479,237.9,2023-12-11
T1586,D10417,311.88,2022-03-29
T1587,D10084,213.73,2023-08-19
T1588,D10032,231.06,2023-07-19
T1589,D10369,436.89,2022-05-21
T1590,D10259,103.39,2023-04-09
T1591,D10139,226.5,2023-12-28
T1592,D10244,142.12,2024-02-29
T1593,D10128,339.93,2025-05-11
T1594,D10343,249.67,2024-03-15
T1595,D10097,371.4,2024-02-12
T1596,D10211,217.61,2024-01-28
T1597,D10479,230.48,2023-05-28
T1598,D10304,97.15,2026-02-01
T1599,D10091,25.09,2025-08-04
T1600,D10203,123.76,2022-04-18
T1601,D10082,259.83,2023-05-02
T1602,D10327,114.1,2024-07-10
T1603,D10413,55.85,2024-06-03
T1604,D10438,171.3,2023-02-04
T1605,D10343,234.89,2025-10-08
T1606,D10277,254.68,2024-03-14
T1607,D10479,170.6,2024-11-09
T1608,D10208,60.3,2023-08-08
T1609,D10413,190.87,2025-05-26
T1610,D10219,229.51,2024-06-06
T1611,D10149,116.63,2024-04-13
T1612,D10279,434.63,2024-05-03
T1613,D10329,155.76,2026-01-28
T1614,D10451,294.72,2023-01-29
T1615,D10041,10.09,2024-02-24
T1616,D10268,313.48,2025-06-04
T1617,D10257,346.0,2025-10-15
T1618,D10419,287.58,2023-10-13
T1619,D10393,240.52,2022-02-24
T1620,D10126,475.69,2024-05-22
T1621,D10474,26.71,2025-02-20
T1622,D10334,464.61,2023-07-12
T1623,D10240,382.34,2024-11-02
T1624,D10135,316.62,2025-11-29
T1625,D10333,262.58,2025-08-01
T1626,D10015,264.93,2022-08-24
T1627,D10147,331.85,2024-05-01
T1628,D10284,114.06,2023-04-19
T1629,D10261,371.4,2025-03-24
T1630,D10196,15.61,2022-05-30
T1631,D10250,174.69,2023-05-21
T1632,D10343,115.04,2025-09-17
T1633,D10227,164.24,2025-09-17
T1634,D10135,144.5,2026-01-06
T1635,D10252,282.61,2023-02-02
T1636,D10171,211.18,2025-04-02
T1637,D10015,482.62,2025-05-28
T1638,D10019,343.54,2025-12-05
T1639,D10155,207.46,2022-11-24
T1640,D10209,355.08,2023-09-10
T1641,D10392,172.47,2024-01-05
T1642,D10430,315.29,2022-12-10
T1643,D10449,208.64,2025-06-13
T1644,D10205,372.42,2024-02-15
T1645,D10412,204.23,2022-09-05
T1646,D10476,347.52,2025-01-09
T1647,D10136,421.41,2024-06-03
T1648,D10380,377.59,2023-03-11
T1649,D10127,312.08,2023-08-04
T1650,D10172,413.65,2022-10-18
T1651,D10273,465.05,2022-03-18
T1652,D10416,249.16,2024-06-06
T1653,D10220,376.52,2025-06-07
T1654,D10027,253.08,2024-04-12
T1655,D10143,197.3,2025-08-23
T1656,D10453,427.2,2023-08-31
T1657,D10232,112.79,2025-10-22
T1658,D10234,245.35,2024-01-27
T1659,D10398,303.07,2025-06-24
T1660,D10342,462.36,2025-11-02
T1661,D10423,181.53,2022-02-24
T1662,D10354,224.55,2022-04-21
T1663,D10289,310.44,2025-04-27
T1664,D10275,499.74,2024-09-10
T1665,D10064,492.8,2025-12-26
T1666,D10330,117.96,2022-08-26
T1667,D10411,448.13,2026-01-26
T1668,D10438,260.61,2024-04-22
T1669,D10032,115.24,2025-01-22
T1670,D10283,165.09,2023-08-16
T1671,D10274,122.89,2024-09-03
T1672,D10257,117.86,2023-11-26
T1673,D10282,477.84,2024-10-11
T1674,D10386,78.2,2024-06-17
T1675,D10441,65.61,2022-11-08
T1676,D10246,60.8,2025-11-07
T1677,D10069,430.78,2025-03-18
T1678,D10228,160.97,2025-04-29
T1679,D10400,55.37,2022-04-02
T1680,D10229,198.78,2025-05-30
T1681,D10179,198.86,2022-05-25
T1682,D10416,114.35,2025-01-05
T1683,D10458,35.87,2022-12-27
T1684,D10249,146.36,2024-06-17
T1685,D10325,90.8,2025-05-02
T1686,D10255,47.77,2024-12-15
T1687,D10015,87.33,2024-12-21
T1688,D10401,388.77,2025-06-20
T1689,D10336,398.75,2022-12-16
T1690,D10298,463.59,2025-03-05
T1691,D10335,382.3,2022-06-25
T1692,D10003,210.28,2024-06-09
T1693,D10103,410.55,2022-12-08
T1694,D10214,279.52,2022-06-11
T1695,D10220,67.48,2025-03-06
T1696,D10097,300.61,2022-09-19
T1697,D10478,466.03,2024-10-08
T1698,D10014,247.32,2023-08-21
T1699,D10149,115.0,2024-06-13
T1700,D10186,49.34,2025-12-18
T1701,D10183,300.15,2022-05-19
T1702,D10154,44.53,2025-04-12
T1703,D10233,322.9,2022-08-25
T1704,D10362,470.53,2025-03-12
T1705,D10342,119.85,2025-06-21
T1706,D10277,357.94,2025-01-18
T1707,D10139,119.24,2024-12-20
T1708,D10176,479.31,2023-08-04
T1709,D10146,456.08,2022-10-24
T1710,D10323,325.39,2025-12-31
T1711,D10243,199.44,2022-12-12
T1712,D10093,98.28,2024-10-17
T1713,D10261,34.74,2022-11-25
T1714,D10007,94.68,2025-05-26
T1715,D10201,9.95,2022-10-26
T1716,D10324,352.66,2022-08-09
T1717,D10480,181.51,2025-04-23
T1718,D10435,328.11,2025-11-08
T1719,D10155,12.5,2023-05-17
T1720,D10167,268.47,2024-09-21
T1721,D10040,235.58,2023-06-26
T1722,D10371,83.51,2025-05-07
T1723,D10227,288.16,2024-11-22
T1724,D10097,477.81,2025-10-28
T1725,D10477,292.25,2022-04-08
T1726,D10136,290.07,2025-12-25
T1727,D10430,425.25,2024-09-26
T1728,D10123,409.13,2025-11-27
T1729,D10322,15.85,2022-10-30
T1730,D10218,165.73,2025-01-01
T1731,D10315,478.24,2024-10-25
T1732,D10217,69.35,2023-02-27
T1733,D10203,137.54,2025-12-19
T1734,D10388,93.05,2025-03-08
T1735,D10194,140.98,2026-02-10
T1736,D10118,439.37,2023-06-08
T1737,D10279,433.79,2024-03-12
T1738,D10338,284.83,2025-03-13
T1739,D10144,479.73,2023-06-17
T1740,D10472,158.39,2022-11-13
T1741,D10413,187.65,2022-09-16
T1742,D10112,438.19,2022-08-04
T1743,D10263,272.03,2023-05-25
T1744,D10309,146.56,2022-12-21
T1745,D10030,44.43,2023-01-27
T1746,D10257,309.89,2022-04-11
T1747,D10366,303.31,2025-01-01
T1748,D10068,149.52,2023-12-17
T1749,D10394,276.1,2024-09-30
T1750,D10438,88.02,2025-08-17
T1751,D10114,230.82,2024-09-05
T1752,D10287,435.64,2023-05-21
T1753,D10044,123.63,2022-09-03
T1754,D10320,393.31,2023-11-16
T1755,D10064,333.87,2022-05-10
T1756,D10190,180.34,2023-09-30
T1757,D10467,153.69,2025-10-29
T1758,D10219,274.72,2024-05-07
T1759,D10383,308.18,2023-03-26
T1760,D10390,166.07,2023-10-15
T1761,D10167,70.1,2024-02-09
T1762,D10260,149.49,2025-12-19
T1763,D10139,199.93,2023-03-20
T1764,D10281,287.0,2025-06-24
T1765,D10421,145.19,2025-02-12
T1766,D10007,208.16,2022-04-10
T1767,D10061,456.52,2022-07-31
T1768,D10420,72.03,2025-05-21
T1769,D10046,308.46,2023-03-31
T1770,D10325,15.53,2023-08-08
T1771,D10438,305.32,2023-03-20
T1772,D10237,253.08,2025-06-16
T1773,D10003,68.11,2022-06-05
T1774,D10364,120.41,2024-05-11
T1775,D10167,197.08,2022-10-28
T1776,D10478,318.3,2024-07-12
T1777,D10096,272.21,2025-08-21
T1778,D10018,30.65,2024-10-10
T1779,D10425,445.94,2024-05-02
T1780,D10371,13.0,2022-11-21
T1781,D10340,118.65,2022-08-13
T1782,D10188,78.81,2024-02-22
T1783,D10330,27.84,2024-10-14
T1784,D10342,446.21,2025-01-13
T1785,D10010,282.99,2025-06-05
T1786,D10159,210.02,2022-05-15
T1787,D10140,149.36,2025-12-19
T1788,D10061,8.91,2025-06-02
T1789,D10266,299.15,2025-07-02
T1790,D10286,70.06,2024-06-18
T1791,D10303,47.11,2024-11-22
T1792,D10365,493.5,2024-12-22
T1793,D10394,179.91,2023-03-25
T1794,D10383,363.79,2024-02-29
T1795,D10489,311.48,2025-10-28
T1796,D10136,129.27,2024-05-09
T1797,D10232,9.15,2022-04-01
T1798,D10471,248.51,2024-02-25
T1799,D10300,307.24,2023-08-05
T1800,D10246,421.01,2025-04-18
T1801,D10228,18.34,2024-03-29
T1802,D10475,430.49,2024-03-19
T1803,D10184,390.73,2024-11-27
T1804,D10143,459.15,2022-09-06
T1805,D10332,300.93,2023-11-16
T1806,D10347,137.01,2024-11-22
T1807,D10028,259.92,2023-02-03
T1808,D10142,340.64,2024-02-12
T1809,D10048,492.72,2023-03-16
T1810,D10025,175.95,2022-04-02
T1811,D10257,146.82,2022-08-04
T1812,D10238,59.36,2025-09-11
T1813,D10039,78.56,2024-07-11
T1814,D10267,40.89,2022-12-21
T1815,D10195,436.33,2024-11-12
T1816,D10496,393.87,2026-01-01
T1817,D10117,306.11,2025-07-09
T1818,D10325,93.1,2025-12-28
T1819,D10295,116.67,2025-10-03
T1820,D10411,435.67,2022-12-19
T1821,D10090,7.75,2023-09-03
T1822,D10304,494.62,2022-07-12
T1823,D10390,394.39,2022-05-31
T1824,D10006,73.72,2022-06-04
T1825,D10166,227.58,2022-10-30
T1826,D10346,477.9,2022-05-27
T1827,D10209,227.45,2023-08-03
T1828,D10379,442.08,2026-01-18
T1829,D10010,484.08,2024-06-05
T1830,D10482,116.05,2022-05-29
T1831,D10294,248.32,2023-09-17
T1832,D10441,476.52,2023-04-13
T1833,D10467,29.46,2023-03-05
T1834,D10067,499.17,2024-12-26
T1835,D10179,77.48,2024-03-08
T1836,D10088,417.05,2023-11-05
T1837,D10304,13.46,2022-05-20
T1838,D10449,455.82,2024-08-27
T1839,D10117,402.91,2024-07-21
T1840,D10400,378.59,2023-10-05
T1841,D10276,186.33,2022-10-27
T1842,D10102,415.36,2022-02-25
T1843,D10269,45.71,2025-08-22
T1844,D10023,304.17,2025-12-07
T1845,D10064,357.55,2024-02-08
T1846,D10334,261.98,2024-07-15
T1847,D10269,337.91,2024-02-03
T1848,D10174,309.53,2023-09-07
T1849,D10124,385.92,2025-12-24
T1850,D10410,305.99,2022-05-04
T1851,D10261,122.71,2025-07-31
T1852,D10229,252.21,2025-07-12
T1853,D10145,450.7,2023-07-31
T1854,D10097,106.51,2023-01-03
T1855,D10037,424.75,2024-04-01
T1856,D10221,105.01,2024-07-19
T1857,D10408,278.32,2022-06-29
T1858,D10389,315.62,2022-08-09
T1859,D10491,495.17,2023-01-06
T1860,D10034,187.49,2022-09-22
T1861,D10366,151.61,2022-09-21
T1862,D10209,42.37,2023-12-22
T1863,D10494,54.86,2024-12-13
T1864,D10401,363.7,2025-09-16
T1865,D10245,185.33,2022-09-10
T1866,D10183,265.93,2025-06-15
T1867,D10080,280.2,2022-06-22
T1868,D10125,237.06,2022-08-29
T1869,D10094,412.02,2022-06-11
T1870,D10488,331.97,2025-09-14
T1871,D10177,152.14,2025-05-03
T1872,D10281,270.39,2022-07-06
T1873,D10105,217.95,2024-01-19
T1874,D10444,249.48,2025-04-03
T1875,D10003,199.14,2025-06-03
T1876,D10426,54.37,2026-01-20
T1877,D10062,340.98,2023-09-30
T1878,D10013,170.76,2024-07-01
T1879,D10123,326.68,2025-06-02
T1880,D10184,93.22,2024-01-03
T1881,D10239,206.72,2025-09-28
T1882,D10317,222.24,2025-10-21
T1883,D10353,246.36,2023-12-13
T1884,D10186,259.73,2023-11-05
T1885,D10083,126.19,2023-05-06
T1886,D10268,310.04,2022-09-08
T1887,D10163,42.71,2024-08-19
T1888,D10191,38.64,2022-06-03
T1889,D10177,195.96,2025-01-21
T1890,D10099,430.01,2022-06-24
T1891,D10232,171.5,2023-10-26
T1892,D10063,56.78,2022-03-10
T1893,D10493,36.83,2024-11-17
T1894,D10414,120.66,2023-09-21
T1895,D10047,163.64,2025-10-29
T1896,D10237,302.09,2024-06-12
T1897,D10212,210.31,2025-06-03
T1898,D10045,292.1,2024-01-05
T1899,D10222,483.36,2025-07-03
T1900,D10290,395.02,2026-02-02
T1901,D10008,303.92,2025-06-24
T1902,D10109,51.89,2024-06-23
T1903,D10220,335.66,2024-06-10
T1904,D10009,465.15,2022-09-02
T1905,D10315,254.22,2023-12-13
T1906,D10100,141.48,2025-01-31
T1907,D10121,41.76,2022-05-06
T1908,D10441,468.37,2024-09-19
T1909,D10026,89.21,2023-03-26
T1910,D10300,412.59,2024-09-23
T1911,D10217,382.03,2022-11-01
T1912,D10153,125.88,2022-11-12
T1913,D10016,443.81,2025-07-14
T1914,D10246,227.71,2022-07-10
T1915,D10267,319.42,2024-02-17
T1916,D10499,275.14,2022-12-10
T1917,D10184,98.56,2026-02-05
T1918,D10259,438.82,2025-03-15
T1919,D10165,354.48,2023-07-28
T1920,D10288,148.52,2022-10-13
T1921,D10286,209.99,2022-05-24
T1922,D10031,322.55,2024-07-19
T1923,D10153,330.79,2022-05-17
T1924,D10458,452.1,2023-12-21
T1925,D10219,32.88,2026-02-11
T1926,D10072,437.08,2022-03-09
T1927,D10438,153.8,2024-03-05
T1928,D10166,406.22,2025-11-28
T1929,D10464,216.46,2022-06-22
T1930,D10323,71.61,2024-06-28
T1931,D10350,49.2,2022-02-25
T1932,D10187,133.26,2024-11-09
T1933,D10036,106.52,2024-01-19
T1934,D10105,155.27,2024-02-22
T1935,D10040,498.73,2022-03-26
T1936,D10428,27.04,2025-11-23
T1937,D10403,24.2,2025-11-28
T1938,D10260,22.63,2025-05-28
T1939,D10207,15.89,2022-03-08
T1940,D10017,62.15,2024-01-06
T1941,D10320,123.34,2022-09-23
T1942,D10080,394.18,2022-07-25
T1943,D10191,184.26,2023-07-03
T1944,D10039,247.66,2023-03-22
T1945,D10254,348.6,2023-10-27
T1946,D10241,277.99,2023-02-12
T1947,D10489,440.87,2023-09-14
T1948,D10239,193.72,2022-04-24
T1949,D10277,469.88,2025-12-08
T1950,D10340,5.61,2024-08-07
T1951,D10491,241.41,2022-05-02
T1952,D10276,192.2,2024-05-30
T1953,D10330,129.24,2023-11-05
T1954,D10192,498.74,2024-03-03
T1955,D10498,116.65,2023-10-22
T1956,D10470,34.59,2023-09-19
T1957,D10471,153.48,2025-03-06
T1958,D10139,369.19,2022-06-05
T1959,D10028,440.33,2022-09-14
T1960,D10334,186.01,2022-04-18
T1961,D10391,403.29,2022-02-23
T1962,D10108,220.76,2026-01-10
T1963,D10373,282.5,2024-11-16
T1964,D10160,320.15,2024-09-02
T1965,D10391,120.28,2024-07-15
T1966,D10324,100.27,2022-03-11
T1967,D10465,412.54,2023-04-07
T1968,D10271,192.45,2024-06-22
T1969,D10278,17.68,2024-05-21
T1970,D10443,336.58,2023-03-09
T1971,D10129,433.41,2022-03-03
T1972,D10228,79.18,2022-03-28
T1973,D10119,363.0,2024-04-25
T1974,D10109,476.11,2024-04-25
T1975,D10210,482.25,2023-03-15
T1976,D10435,237.36,2023-01-08
T1977,D10061,476.42,2024-06-08
T1978,D10347,12.88,2023-11-24
T1979,D10379,180.85,2023-06-13
T1980,D10103,238.31,2024-08-03
T1981,D10363,471.54,2025-06-26
T1982,D10038,208.07,2023-11-01
T1983,D10012,134.16,2022-09-03
T1984,D10422,190.72,2025-02-15
T1985,D10212,258.8,2025-05-18
T1986,D10091,338.58,2024-02-20
T1987,D10316,224.86,2025-08-25
T1988,D10135,111.59,2025-04-23
T1989,D10470,49.81,2022-08-04
T1990,D10492,299.34,2025-09-17
T1991,D10379,464.03,2025-09-16
T1992,D10081,358.48,2024-07-12
T1993,D10223,334.03,2022-04-18
T1994,D10351,448.92,2024-04-22
T1995,D10237,283.31,2024-10-23
T1996,D10031,421.93,2023-03-31
T1997,D10361,166.26,2023-02-06
T1998,D10234,198.76,2025-07-15
T1999,D10146,313.99,2022-06-09
T2000,D10049,311.56,2022-07-18
T2001,D10193,332.42,2023-04-28
T2002,D10216,443.01,2023-05-09
T2003,D10232,446.24,2026-02-17
T2004,D10427,275.12,2025-07-13
T2005,D10024,33.98,2025-11-27
T2006,D10175,381.75,2022-05-10
T2007,D10200,427.13,2025-03-12
T2008,D10386,98.08,2023-04-21
T2009,D10275,194.25,2023-05-28
T2010,D10032,346.75,2022-12-13
T2011,D10036,199.3,2023-02-09
T2012,D10381,187.43,2025-07-21
T2013,D10258,307.89,2024-08-04
T2014,D10263,196.2,2022-11-19
T2015,D10201,114.86,2023-12-07
T2016,D10072,409.58,2025-08-05
T2017,D10282,316.87,2023-06-05
T2018,D10464,77.84,2022-05-18
T2019,D10431,149.08,2025-06-23
T2020,D10482,394.86,2022-08-08
T2021,D10112,174.61,2022-04-09
T2022,D10360,268.05,2024-05-16
T2023,D10478,193.36,2023-02-16
T2024,D10313,45.85,2023-02-09
T2025,D10065,43.58,2024-02-17
T2026,D10004,363.6,2024-06-04
T2027,D10240,276.72,2025-08-26
T2028,D10165,287.35,2025-10-13
T2029,D10185,187.33,2024-07-27
T2030,D10463,352.58,2022-07-16
T2031,D10084,256.29,2025-06-30
T2032,D10180,438.89,2022-06-01
T2033,D10028,68.63,2024-09-13
T2034,D10331,455.7,2022-12-31
T2035,D10276,250.51,2022-07-12
T2036,D10349,405.74,2024-08-03
T2037,D10418,497.47,2022-06-26
T2038,D10227,158.09,2022-03-19
T2039,D10214,218.89,2022-08-21
T2040,D10326,144.48,2024-03-04
T2041,D10004,396.41,2025-07-20
T2042,D10096,58.19,2022-05-07
T2043,D10325,321.26,2023-08-01
T2044,D10206,413.2,2025-10-31
T2045,D10480,196.8,2025-10-19
T2046,D10010,423.95,2024-12-01
T2047,D10368,236.36,2025-07-06
T2048,D10399,418.95,2025-04-08
T2049,D10280,377.49,2024-05-26
T2050,D10410,448.76,2023-12-09
T2051,D10020,262.31,2024-04-20
T2052,D10140,74.11,2023-09-17
T2053,D10479,105.44,2022-08-08
T2054,D10490,268.56,2022-03-15
T2055,D10099,179.8,2022-07-02
T2056,D10261,383.18,2024-05-14
T2057,D10144,177.59,2023-05-28
T2058,D10273,168.52,2024-04-06
T2059,D10236,162.44,2025-10-24
T2060,D10147,67.74,2022-04-10
T2061,D10307,263.12,2024-03-07
T2062,D10335,6.42,2025-03-24
T2063,D10161,296.14,2024-08-20
T2064,D10206,174.07,2025-04-21
T2065,D10438,146.92,2022-04-24
T2066,D10052,228.11,2022-09-26
T2067,D10468,441.19,2023-04-10
T2068,D10473,258.79,2024-01-05
T2069,D10261,279.67,2022-05-28
T2070,D10313,445.36,2025-04-11
T2071,D10450,171.02,2022-10-25
T2072,D10058,442.25,2022-07-21
T2073,D10369,309.96,2024-11-02
T2074,D10249,410.71,2025-03-03
T2075,D10120,351.44,2025-08-14
T2076,D10140,400.77,2024-07-28
T2077,D10079,188.76,2022-08-29
T2078,D10258,366.18,2022-10-30
T2079,D10308,337.28,2022-06-11
T2080,D10238,95.53,2025-03-12
T2081,D10342,371.8,2023-12-12
T2082,D10491,305.6,2022-03-10
T2083,D10139,229.98,2023-10-13
T2084,D10272,303.81,2024-12-21
T2085,D10001,282.08,2023-05-03
T2086,D10297,221.07,2022-10-16
T2087,D10091,383.01,2023-03-26
T2088,D10039,171.57,2023-03-10
T2089,D10009,310.92,2025-10-21
T2090,D10164,482.8,2024-09-28
T2091,D10448,308.93,2023-05-21
T2092,D10149,322.64,2023-10-24
T2093,D10202,297.87,2024-02-19
T2094,D10340,149.7,2022-12-16
T2095,D10447,203.66,2023-02-23
T2096,D10081,393.22,2025-02-27
T2097,D10355,184.12,2022-04-30
T2098,D10425,192.48,2022-03-05
T2099,D10333,456.27,2024-04-06
T2100,D10258,358.42,2025-05-15
T2101,D10272,37.32,2023-02-05
T2102,D10218,341.82,2025-08-05
T2103,D10367,287.8,2022-12-10
T2104,D10015,86.65,2022-08-19
T2105,D10325,321.64,2022-05-27
T2106,D10280,409.28,2022-04-22
T2107,D10266,75.65,2025-03-29
T2108,D10336,448.06,2023-04-21
T2109,D10409,457.2,2024-09-10
T2110,D10039,261.74,2025-11-09
T2111,D10384,67.85,2024-09-01
T2112,D10084,89.69,2024-01-06
T2113,D10050,283.82,2025-09-26
T2114,D10035,441.05,2025-12-24
T2115,D10138,426.91,2023-12-06
T2116,D10130,144.45,2023-06-02
T2117,D10092,137.84,2024-11-09
T2118,D10076,243.11,2025-06-18
T2119,D10120,281.52,2025-04-10
T2120,D10064,281.14,2025-02-03
T2121,D10079,447.28,2023-02-22
T2122,D10335,182.26,2023-01-19
T2123,D10124,149.61,2023-10-14
T2124,D10322,302.19,2023-07-13
T2125,D10296,216.29,2023-10-05
T2126,D10004,69.88,2023-06-29
T2127,D10130,352.22,2024-11-29
T2128,D10306,333.16,2024-07-02
T2129,D10498,414.83,2024-08-19
T2130,D10076,398.8,2023-07-16
T2131,D10396,216.3,2023-03-17
T2132,D10058,311.08,2023-09-26
T2133,D10243,95.08,2025-01-04
T2134,D10062,123.02,2022-09-27
T2135,D10053,387.97,2025-09-16
T2136,D10216,171.92,2025-09-10
T2137,D10423,96.11,2022-10-25
T2138,D10332,220.64,2026-02-10
T2139,D10123,486.73,2025-07-27
T2140,D10256,186.52,2022-07-12
T2141,D10087,22.89,2023-04-19
T2142,D10094,184.56,2022-03-25
T2143,D10492,327.79,2024-10-07
T2144,D10403,357.83,2024-10-10
T2145,D10178,284.75,2025-10-23
T2146,D10340,459.52,2023-07-11
T2147,D10355,167.76,2023-01-03
T2148,D10243,303.78,2026-01-27
T2149,D10199,262.7,2025-10-06
T2150,D10216,319.7,2022-02-24
T2151,D10154,291.79,2022-05-11
T2152,D10233,149.77,2025-09-02
T2153,D10135,433.89,2023-11-19
T2154,D10070,383.93,2022-12-13
T2155,D10291,456.08,2025-08-20
T2156,D10106,466.0,2024-02-06
T2157,D10323,486.33,2023-07-19
T2158,D10103,408.07,2022-03-24
T2159,D10496,306.38,2022-12-16
T2160,D10061,133.66,2025-05-26
T2161,D10483,400.54,2025-02-14
T2162,D10424,135.83,2024-07-31
T2163,D10091,481.35,2022-03-04
T2164,D10125,332.28,2024-07-08
T2165,D10278,337.65,2025-01-08
T2166,D10184,359.19,2024-04-10
T2167,D10423,329.0,2023-12-07
T2168,D10048,228.56,2026-02-16
T2169,D10143,200.62,2023-06-21
T2170,D10387,181.89,2023-05-27
T2171,D10254,425.35,2023-12-19
T2172,D10090,480.81,2025-01-11
T2173,D10413,99.62,2023-08-05
T2174,D10074,152.87,2025-03-18
T2175,D10499,291.96,2022-06-30
T2176,D10386,167.25,2023-11-26
T2177,D10036,143.71,2023-08-11
T2178,D10073,488.54,2022-06-08
T2179,D10045,137.28,2025-04-13
T2180,D10208,128.43,2025-11-19
T2181,D10066,442.5,2023-10-07
T2182,D10261,181.94,2023-10-20
T2183,D10002,424.63,2022-11-02
T2184,D10422,133.95,2025-03-21
T2185,D10016,350.7,2022-05-19
T2186,D10088,367.06,2022-10-06
T2187,D10343,474.68,2023-10-03
T2188,D10339,391.64,2024-04-28
T2189,D10002,482.15,2025-12-30
T2190,D10028,176.61,2022-11-26
T2191,D10481,493.43,2022-04-02
T2192,D10111,23.48,2024-09-02
T2193,D10406,381.33,2023-03-24
T2194,D10209,158.9,2024-03-15
T2195,D10427,158.14,2022-05-24
T2196,D10486,240.83,2023-01-02
T2197,D10087,104.75,2024-02-23
T2198,D10329,129.89,2024-01-17
T2199,D10378,290.08,2023-03-31
T2200,D10451,34.46,2025-04-14
T2201,D10385,33.3,2024-11-02
T2202,D10295,238.82,2023-11-20
T2203,D10428,116.83,2022-08-02
T2204,D10164,76.97,2024-11-30
T2205,D10491,35.34,2025-02-13
T2206,D10335,297.3,2022-08-03
T2207,D10339,384.46,2023-08-02
T2208,D10211,339.45,2022-07-02
T2209,D10263,403.59,2025-06-17
T2210,D10212,6.91,2024-09-10
T2211,D10321,278.03,2022-10-08
T2212,D10333,77.58,2024-01-27
T2213,D10167,97.29,2022-08-23
T2214,D10086,107.7,2023-12-11
T2215,D10135,430.22,2022-04-20
T2216,D10267,436.03,2025-06-22
T2217,D10288,332.95,2025-10-20
T2218,D10456,52.79,2025-02-04
T2219,D10215,46.98,2023-03-22
T2220,D10366,260.88,2024-08-05
T2221,D10329,366.14,2024-10-31
T2222,D10051,340.39,2023-05-04
T2223,D10261,277.44,2023-06-11
T2224,D10301,29.97,2024-01-15
T2225,D10027,260.33,2024-05-09
T2226,D10278,178.73,2025-03-31
T2227,D10476,257.87,2025-02-20
T2228,D10174,19.51,2022-04-20
T2229,D10070,384.37,2023-06-16
T2230,D10258,27.47,2023-07-17
T2231,D10062,350.49,2022-09-07
T2232,D10394,43.8,2022-04-13
T2233,D10035,305.48,2024-10-29
T2234,D10446,10.29,2024-01-05
T2235,D10235,47.73,2023-09-25
T2236,D10001,384.34,2022-07-26
T2237,D10136,233.26,2024-07-15
T2238,D10027,116.24,2023-03-25
T2239,D10480,367.55,2022-12-05
T2240,D10212,338.87,2025-05-20
T2241,D10376,421.24,2024-05-29
T2242,D10264,36.63,2025-11-02
T2243,D10468,406.93,2022-08-02
T2244,D10029,81.96,2024-11-19
T2245,D10037,150.96,2022-04-16
T2246,D10192,274.24,2024-04-28
T2247,D10436,449.98,2024-03-11
T2248,D10084,464.29,2025-04-15
T2249,D10187,350.73,2025-12-07
T2250,D10299,393.16,2024-08-08
T2251,D10178,9.25,2023-08-09
T2252,D10084,92.21,2025-01-05
T2253,D10188,125.52,2024-10-26
T2254,D10227,416.85,2023-06-03
T2255,D10332,152.68,2026-02-06
T2256,D10499,387.97,2023-05-19
T2257,D10127,324.8,2023-02-24
T2258,D10052,309.3,2022-03-26
T2259,D10102,492.34,2023-03-29
T2260,D10019,395.21,2022-09-28
T2261,D10385,246.86,2025-05-23
T2262,D10353,60.49,2023-10-30
T2263,D10227,85.45,2022-04-11
T2264,D10204,77.98,2025-06-13
T2265,D10080,96.75,2025-02-16
T2266,D10099,7.79,2022-11-22
T2267,D10462,398.89,2026-02-02
T2268,D10003,175.83,2025-12-31
T2269,D10058,11.83,2023-08-06
T2270,D10188,385.17,2025-07-26
T2271,D10426,214.59,2023-09-06
T2272,D10402,125.76,2024-04-29
T2273,D10438,8.25,2024-03-02
T2274,D10404,489.3,2022-07-20
T2275,D10271,301.81,2025-01-12
T2276,D10255,223.91,2025-02-18
T2277,D10228,188.29,2023-04-22
T2278,D10495,169.33,2025-01-31
T2279,D10368,95.82,2025-11-22
T2280,D10098,429.62,2023-09-06
T2281,D10037,118.19,2022-04-13
T2282,D10496,78.99,2023-08-12
T2283,D10294,453.39,2023-12-13
T2284,D10016,257.97,2022-04-16
T2285,D10039,260.4,2023-07-14
T2286,D10231,99.63,2026-02-04
T2287,D10126,118.4,2023-07-30
T2288,D10352,391.26,2025-02-11
T2289,D10275,180.04,2025-07-13
T2290,D10356,418.53,2023-04-11
T2291,D10032,186.75,2024-06-27
T2292,D10070,192.22,2023-07-08
T2293,D10094,59.62,2022-04-17
T2294,D10190,431.54,2023-08-07
T2295,D10017,198.7,2023-02-20
T2296,D10281,270.91,2025-01-16
T2297,D10294,35.27,2025-05-22
T2298,D10072,102.61,2024-07-06
T2299,D10362,91.5,2025-10-19
T2300,D10122,491.04,2023-06-06
T2301,D10227,388.33,2025-07-31
T2302,D10121,264.53,2023-10-11
T2303,D10475,293.62,2024-09-26
T2304,D10388,52.99,2024-09-16
T2305,D10086,428.31,2022-03-05
T2306,D10459,392.69,2025-05-10
T2307,D10200,44.53,2026-01-19
T2308,D10190,499.9,2023-12-23
T2309,D10494,430.1,2025-12-31
T2310,D10416,262.46,2022-11-07
T2311,D10443,200.33,2025-08-29
T2312,D10168,308.47,2024-03-13
T2313,D10493,329.85,2022-09-22
T2314,D10311,155.32,2023-12-19
T2315,D10349,293.69,2023-06-09
T2316,D10289,162.15,2023-12-01
T2317,D10156,270.81,2023-08-07
T2318,D10075,498.8,2023-02-27
T2319,D10469,7.11,2022-08-11
T2320,D10042,418.49,2025-05-20
T2321,D10325,355.31,2023-03-20
T2322,D10360,127.97,2024-03-10
T2323,D10365,253.8,2023-10-14
T2324,D10271,273.81,2024-04-18
T2325,D10075,244.0,2025-03-26
T2326,D10364,146.66,2025-03-02
T2327,D10280,248.09,2022-03-26
T2328,D10289,107.18,2023-07-04
T2329,D10334,152.53,2024-01-19
T2330,D10234,224.28,2025-11-10
T2331,D10494,271.09,2024-09-03
T2332,D10388,360.99,2024-01-01
T2333,D10204,367.66,2025-03-30
T2334,D10260,336.21,2024-12-26
T2335,D10160,130.87,2025-08-14
T2336,D10103,134.6,2024-10-27
T2337,D10300,28.39,2025-08-10
T2338,D10322,11.84,2025-03-31
T2339,D10054,376.12,2023-08-30
T2340,D10021,460.45,2024-01-22
T2341,D10397,262.45,2025-11-24
T2342,D10037,493.7,2024-12-05
T2343,D10179,271.52,2025-09-11
T2344,D10105,405.7,2022-12-24
T2345,D10192,271.11,2023-02-08
T2346,D10085,24.95,2023-08-25
T2347,D10268,121.44,2023-06-19
T2348,D10218,143.82,2023-07-05
T2349,D10080,342.86,2023-07-18
T2350,D10116,436.45,2022-05-11
T2351,D10342,455.81,2026-01-08
T2352,D10424,433.06,2023-10-05
T2353,D10395,244.23,2024-11-26
T2354,D10201,79.14,2024-04-01
T2355,D10373,342.06,2025-05-27
T2356,D10192,37.3,2022-05-05
T2357,D10031,313.42,2024-07-23
T2358,D10280,40.15,2023-01-25
T2359,D10220,232.9,2022-03-06
T2360,D10494,244.43,2022-07-22
T2361,D10005,290.35,2025-09-19
T2362,D10313,344.85,2025-10-24
T2363,D10226,273.68,2022-12-19
T2364,D10274,303.21,2023-05-22
T2365,D10130,172.09,2024-03-03
T2366,D10349,112.68,2025-09-27
T2367,D10306,417.22,2022-08-16
T2368,D10203,325.47,2024-01-17
T2369,D10234,377.18,2022-07-01
T2370,D10156,183.16,2023-05-28
T2371,D10471,408.24,2024-08-08
T2372,D10439,458.1,2025-09-13
T2373,D10408,489.28,2025-07-14
T2374,D10368,311.6,2025-07-06
T2375,D10132,37.73,2022-12-25
T2376,D10250,267.79,2025-01-07
T2377,D10429,339.22,2025-09-04
T2378,D10438,51.35,2024-10-12
T2379,D10006,394.97,2023-09-09
T2380,D10212,306.58,2024-07-24
T2381,D10467,233.53,2023-09-14
T2382,D10399,105.02,2025-04-11
T2383,D10318,209.44,2022-05-02
T2384,D10429,46.33,2025-10-01
T2385,D10235,477.55,2025-10-03
T2386,D10111,316.11,2022-12-02
T2387,D10087,46.5,2023-02-06
T2388,D10155,57.55,2023-04-08
T2389,D10456,206.17,2023-12-23
T2390,D10405,218.88,2023-11-20
T2391,D10077,313.29,2022-09-05
T2392,D10062,448.97,2023-06-06
T2393,D10458,452.39,2024-05-06
T2394,D10337,178.22,2024-09-29
T2395,D10361,213.28,2025-11-19
T2396,D10019,325.54,2025-05-15
T2397,D10225,280.2,2025-10-06
T2398,D10087,166.8,2024-10-09
T2399,D10053,305.04,2024-01-24
T2400,D10438,444.28,2025-03-08
T2401,D10309,367.14,2022-10-18
T2402,D10166,359.43,2022-03-19
T2403,D10367,379.93,2025-06-26
T2404,D10025,477.97,2025-11-28
T2405,D10145,244.3,2023-10-20
T2406,D10082,348.43,2025-04-02
T2407,D10414,375.58,2025-06-15
T2408,D10311,365.32,2023-02-28
T2409,D10188,250.98,2022-09-07
T2410,D10094,138.22,2024-07-12
T2411,D10314,434.0,2026-01-04
T2412,D10483,111.78,2025-10-09
T2413,D10406,272.57,2022-07-27
T2414,D10487,193.03,2024-06-05
T2415,D10179,105.6,2023-09-27
T2416,D10051,148.97,2024-05-02
T2417,D10124,289.03,2023-02-17
T2418,D10397,27.3,2022-02-22
T2419,D10461,60.45,2022-08-03
T2420,D10286,430.46,2023-09-01
T2421,D10120,294.24,2022-07-21
T2422,D10189,155.99,2022-07-11
T2423,D10150,18.84,2024-09-29
T2424,D10041,112.24,2024-07-12
T2425,D10411,140.28,2024-11-22
T2426,D10056,22.47,2024-10-18
T2427,D10343,279.97,2022-10-10
T2428,D10243,284.43,2023-06-23
T2429,D10133,262.5,2023-11-09
T2430,D10310,202.62,2024-06-23
T2431,D10098,400.47,2025-11-27
T2432,D10005,225.17,2025-01-10
T2433,D10365,449.16,2025-02-17
T2434,D10468,467.79,2022-08-09
T2435,D10267,342.39,2024-06-20
T2436,D10069,472.19,2022-11-19
T2437,D10241,121.9,2023-07-06
T2438,D10469,176.77,2024-09-20
T2439,D10050,327.32,2024-07-07
T2440,D10154,39.03,2022-07-31
T2441,D10241,122.66,2022-07-02
T2442,D10484,345.64,2025-11-06
T2443,D10142,424.25,2025-01-11
T2444,D10141,317.79,2023-08-07
T2445,D10379,358.8,2025-09-24
T2446,D10316,289.03,2025-06-04
T2447,D10079,318.8,2024-08-30
T2448,D10324,168.32,2024-09-03
T2449,D10117,289.23,2022-04-16
T2450,D10239,348.69,2022-10-25
T2451,D10086,254.91,2024-06-15
T2452,D10440,394.95,2024-11-30
T2453,D10408,67.78,2022-10-11
T2454,D10195,208.49,2024-03-14
T2455,D10245,418.75,2023-04-18
T2456,D10373,321.24,2023-04-30
T2457,D10180,92.95,2022-03-05
T2458,D10293,495.13,2024-01-10
T2459,D10160,202.1,2024-11-12
T2460,D10327,95.69,2025-10-25
T2461,D10101,255.06,2023-05-31
T2462,D10264,461.8,2023-03-28
T2463,D10076,354.04,2025-07-27
T2464,D10380,124.59,2023-03-31
T2465,D10294,388.55,2022-11-08
T2466,D10188,218.41,2023-03-26
T2467,D10151,139.43,2025-02-20
T2468,D10211,11.14,2022-08-22
T2469,D10339,218.09,2024-06-27
T2470,D10290,325.05,2022-06-26
T2471,D10067,432.69,2024-03-15
T2472,D10041,201.7,2022-07-26
T2473,D10160,217.82,2025-01-14
T2474,D10157,97.58,2025-07-06
T2475,D10361,203.48,2025-04-21
T2476,D10206,404.81,2023-01-09
T2477,D10324,116.1,2025-04-13
T2478,D10425,461.02,2022-04-21
T2479,D10362,248.99,2023-12-05
T2480,D10447,204.74,2025-07-18
T2481,D10457,229.81,2025-01-24
T2482,D10176,94.62,2024-02-01
T2483,D10492,219.31,2024-07-13
T2484,D10382,164.84,2024-02-22
T2485,D10152,313.92,2024-04-06
T2486,D10270,368.38,2022-12-07
T2487,D10251,119.25,2022-12-12
T2488,D10312,241.47,2024-10-15
T2489,D10424,424.58,2025-10-13
T2490,D10063,42.39,2023-03-06
T2491,D10025,112.79,2023-12-03
T2492,D10437,179.9,2025-08-21
T2493,D10173,415.29,2024-03-10
T2494,D10193,409.2,2022-08-25
T2495,D10035,458.01,2024-11-08
T2496,D10489,145.6,2025-09-19
T2497,D10335,452.91,2025-01-16
T2498,D10088,133.95,2025-12-24
T2499,D10034,476.49,2022-10-03
T2500,D10029,349.71,2022-06-10
T2501,D10290,242.71,2022-07-02
T2502,D10223,359.13,2023-12-10
T2503,D10169,401.29,2022-05-18
T2504,D10323,220.05,2025-08-03
T2505,D10462,440.38,2025-07-09
T2506,D10400,224.2,2024-09-09
T2507,D10208,475.17,2025-11-08
T2508,D10089,467.15,2023-04-21
T2509,D10161,158.4,2023-08-21
T2510,D10378,383.89,2024-02-29
T2511,D10051,73.98,2025-01-29
T2512,D10332,459.47,2025-12-23
T2513,D10274,396.44,2024-11-28
T2514,D10025,45.89,2022-06-15
T2515,D10103,88.39,2023-10-31
T2516,D10063,157.16,2024-04-30
T2517,D10362,72.85,2025-05-27
T2518,D10177,30.79,2022-08-10
T2519,D10176,284.31,2024-09-16
T2520,D10464,239.15,2025-04-01
T2521,D10122,75.64,2023-10-15
T2522,D10086,260.21,2022-03-10
T2523,D10101,194.15,2023-12-17
T2524,D10015,170.28,2022-09-23
T2525,D10099,186.92,2022-10-08
T2526,D10406,117.97,2024-05-15
T2527,D10131,141.94,2023-07-15
T2528,D10285,145.27,2024-10-02
T2529,D10191,291.82,2024-02-18
T2530,D10089,451.38,2025-11-08
T2531,D10405,192.33,2025-07-28
T2532,D10093,29.58,2025-05-26
T2533,D10483,241.89,2022-03-24
T2534,D10197,118.45,2024-04-25
T2535,D10053,386.86,2022-03-23
T2536,D10284,254.47,2024-08-31
T2537,D10294,186.3,2025-01-11
T2538,D10343,264.53,2024-02-28
T2539,D10326,339.52,2023-11-21
T2540,D10499,444.89,2023-06-01
T2541,D10365,47.66,2022-06-02
T2542,D10237,371.52,2026-01-06
T2543,D10090,448.7,2024-08-29
T2544,D10129,64.19,2023-09-28
T2545,D10156,399.38,2022-05-08
T2546,D10228,369.39,2022-06-09
T2547,D10395,488.99,2025-07-25
T2548,D10068,237.33,2025-03-06
T2549,D10026,317.72,2022-04-20
T2550,D10222,150.89,2023-01-15
T2551,D10287,210.32,2024-09-15
T2552,D10095,148.66,2022-08-14
T2553,D10482,39.5,2023-01-24
T2554,D10242,314.89,2025-06-23
T2555,D10060,18.77,2022-06-02
T2556,D10096,283.22,2022-06-27
T2557,D10397,90.14,2024-11-15
T2558,D10418,90.95,2022-04-19
T2559,D10054,424.98,2022-04-27
T2560,D10093,6.96,2024-07-16
T2561,D10095,418.16,2023-08-20
T2562,D10343,353.48,2024-10-19
T2563,D10460,68.99,2023-02-15
T2564,D10142,219.06,2026-01-07
T2565,D10437,34.73,2025-06-16
T2566,D10189,387.56,2023-06-24
T2567,D10393,450.77,2024-12-30
T2568,D10498,483.11,2025-03-08
T2569,D10026,173.46,2026-02-19
T2570,D10243,475.69,2025-06-29
T2571,D10386,383.38,2024-02-18
T2572,D10045,108.29,2024-11-01
T2573,D10260,134.71,2024-02-29
T2574,D10486,176.29,2026-01-13
T2575,D10271,260.28,2024-01-23
T2576,D10493,380.51,2022-12-12
T2577,D10376,364.81,2025-06-23
T2578,D10191,345.13,2024-05-28
T2579,D10029,92.43,2025-12-16
T2580,D10244,457.69,2024-02-12
T2581,D10206,357.11,2023-11-27
T2582,D10378,22.81,2025-12-14
T2583,D10329,172.46,2026-02-01
T2584,D10211,293.03,2022-08-04
T2585,D10021,37.82,2024-11-29
T2586,D10373,498.39,2022-07-19
T2587,D10197,448.54,2024-12-07
T2588,D10235,264.59,2025-03-21
T2589,D10242,275.26,2024-03-31
T2590,D10162,364.79,2023-11-11
T2591,D10388,285.18,2026-02-05
T2592,D10365,46.02,2024-10-29
T2593,D10349,327.19,2024-01-30
T2594,D10034,204.7,2024-09-20
T2595,D10101,471.17,2023-01-25
T2596,D10192,104.11,2025-08-21
T2597,D10254,346.21,2025-07-17
T2598,D10036,491.28,2024-03-11
T2599,D10284,36.52,2024-01-07
T2600,D10207,166.31,2023-10-13
T2601,D10141,306.67,2025-06-07
T2602,D10211,132.06,2024-07-15
T2603,D10398,481.65,2022-07-17
T2604,D10225,291.54,2025-03-13
T2605,D10235,468.64,2024-07-16
T2606,D10090,375.78,2023-11-15
T2607,D10014,79.49,2025-08-07
T2608,D10019,335.48,2025-06-10
T2609,D10068,182.71,2024-11-11
T2610,D10372,231.33,2024-02-01
T2611,D10480,29.1,2023-10-30
T2612,D10123,450.2,2023-02-12
T2613,D10019,180.66,2022-03-23
T2614,D10140,262.76,2022-05-05
T2615,D10327,268.0,2024-03-09
T2616,D10263,271.57,2023-12-04
T2617,D10287,395.69,2024-06-04
T2618,D10187,360.88,2022-03-06
T2619,D10381,320.13,2023-03-08
T2620,D10391,480.16,2023-05-16
T2621,D10085,200.09,2023-05-01
T2622,D10082,264.14,2023-10-19
T2623,D10364,177.42,2025-02-20
T2624,D10187,238.4,2022-07-21
T2625,D10317,490.26,2024-03-25
T2626,D10126,157.61,2025-02-16
T2627,D10166,352.55,2022-07-03
T2628,D10106,458.25,2024-07-17
T2629,D10332,357.7,2024-09-29
T2630,D10386,61.35,2023-01-13
T2631,D10438,480.38,2025-09-15
T2632,D10074,444.08,2022-10-16
T2633,D10314,485.31,2023-11-24
T2634,D10427,159.48,2025-11-21
T2635,D10265,11.75,2025-06-12
T2636,D10329,243.43,2022-06-22
T2637,D10309,397.37,2022-04-16
T2638,D10151,38.85,2025-10-09
T2639,D10298,328.25,2022-06-03
T2640,D10138,292.87,2023-03-07
T2641,D10143,259.6,2023-08-24
T2642,D10233,70.43,2023-11-23
T2643,D10300,78.52,2023-06-18
T2644,D10184,365.53,2024-08-14
T2645,D10307,274.04,2026-02-08
T2646,D10419,465.95,2025-03-03
T2647,D10448,121.24,2024-04-10
T2648,D10219,465.04,2025-10-11
T2649,D10475,394.87,2025-03-29
T2650,D10296,320.54,2023-01-13
T2651,D10314,468.53,2024-05-04
T2652,D10210,49.46,2023-08-24
T2653,D10016,255.96,2024-01-08
T2654,D10297,324.34,2025-05-31
T2655,D10314,312.14,2026-01-27
T2656,D10391,314.01,2024-11-08
T2657,D10290,379.14,2025-03-11
T2658,D10457,133.38,2023-02-04
T2659,D10345,170.84,2022-02-23
T2660,D10236,356.47,2025-05-20
T2661,D10038,163.64,2023-03-16
T2662,D10426,277.45,2022-08-31
T2663,D10191,382.74,2023-08-06
T2664,D10043,243.07,2025-01-16
T2665,D10038,98.38,2023-06-14
T2666,D10051,361.47,2025-08-24
T2667,D10434,33.13,2023-07-04
T2668,D10342,322.48,2024-03-07
T2669,D10439,490.96,2023-05-16
T2670,D10479,238.88,2022-12-09
T2671,D10172,211.1,2023-04-09
T2672,D10129,235.34,2022-06-24
T2673,D10499,120.11,2022-07-27
T2674,D10097,496.39,2023-12-23
T2675,D10069,257.51,2023-02-11
T2676,D10321,496.72,2024-12-03
T2677,D10233,325.21,2023-12-03
T2678,D10181,490.56,2025-08-01
T2679,D10364,103.89,2022-09-20
T2680,D10492,413.59,2022-04-23
T2681,D10138,39.78,2023-01-20
T2682,D10386,294.33,2025-03-12
T2683,D10421,145.83,2022-03-06
T2684,D10389,125.92,2024-09-23
T2685,D10259,453.33,2024-10-08
T2686,D10093,404.8,2024-02-07
T2687,D10321,190.68,2024-02-14
T2688,D10307,461.0,2025-03-19
T2689,D10009,161.45,2025-03-13
T2690,D10121,265.6,2023-12-02
T2691,D10033,288.31,2023-08-13
T2692,D10076,499.49,2023-06-29
T2693,D10419,318.96,2023-04-24
T2694,D10070,255.54,2024-11-11
T2695,D10211,71.41,2024-08-06
T2696,D10443,222.87,2025-05-23
T2697,D10000,392.9,2022-05-01
T2698,D10176,274.97,2024-08-06
T2699,D10076,310.05,2025-08-10
T2700,D10442,387.03,2024-11-28
T2701,D10240,337.81,2022-05-17
T2702,D10304,10.79,2022-03-29
T2703,D10265,303.81,2022-05-07
T2704,D10087,271.02,2024-10-26
T2705,D10496,299.8,2025-06-05
T2706,D10467,214.35,2022-12-13
T2707,D10359,318.71,2024-01-28
T2708,D10082,322.45,2023-06-23
T2709,D10432,123.64,2025-03-02
T2710,D10436,481.89,2022-12-14
T2711,D10491,387.2,2024-03-20
T2712,D10352,27.65,2024-11-08
T2713,D10432,37.66,2023-02-01
T2714,D10222,388.15,2024-07-24
T2715,D10012,171.35,2022-10-06
T2716,D10255,32.1,2025-11-03
T2717,D10383,268.53,2024-09-01
T2718,D10078,117.67,2022-03-30
T2719,D10053,413.6,2022-06-05
T2720,D10475,469.57,2022-09-18
T2721,D10455,465.94,2024-03-16
T2722,D10293,455.7,2025-07-02
T2723,D10053,272.99,2024-11-30
T2724,D10215,481.01,2025-08-30
T2725,D10138,355.22,2022-12-12
T2726,D10027,428.79,2023-08-21
T2727,D10136,110.06,2025-05-16
T2728,D10323,388.12,2023-07-09
T2729,D10105,444.82,2023-04-05
T2730,D10016,231.32,2024-01-05
T2731,D10478,493.56,2024-08-22
T2732,D10475,86.96,2024-01-03
T2733,D10144,215.44,2025-10-04
T2734,D10396,101.22,2024-01-24
T2735,D10372,411.1,2024-06-02
T2736,D10140,372.93,2023-11-08
T2737,D10354,331.16,2024-08-17
T2738,D10034,198.05,2023-03-01
T2739,D10166,393.59,2024-06-23
T2740,D10390,187.77,2026-02-08
T2741,D10357,69.91,2024-01-26
T2742,D10102,112.63,2025-07-21
T2743,D10351,105.26,2024-09-25
T2744,D10185,152.16,2023-05-10
T2745,D10311,9.0,2022-06-01
T2746,D10031,466.83,2022-06-21
T2747,D10309,31.23,2024-12-25
T2748,D10257,483.57,2022-10-26
T2749,D10290,297.34,2023-02-21
T2750,D10085,6.29,2024-08-14
T2751,D10431,67.82,2024-06-30
T2752,D10054,232.38,2024-12-18
T2753,D10107,14.08,2023-08-30
T2754,D10330,483.97,2024-12-01
T2755,D10237,155.52,2025-10-06
T2756,D10171,119.08,2024-08-22
T2757,D10004,98.81,2024-11-28
T2758,D10392,258.51,2023-05-17
T2759,D10107,299.56,2023-06-12
T2760,D10247,83.06,2024-01-05
T2761,D10030,442.18,2022-05-10
T2762,D10333,118.09,2025-01-15
T2763,D10285,483.49,2025-09-05
T2764,D10248,436.96,2025-11-27
T2765,D10251,273.02,2025-02-01
T2766,D10438,268.35,2023-07-05
T2767,D10034,415.08,2025-04-18
T2768,D10309,219.01,2023-11-27
T2769,D10135,287.15,2022-03-31
T2770,D10233,276.96,2023-07-08
T2771,D10113,175.44,2022-09-13
T2772,D10496,245.11,2025-11-27
T2773,D10327,135.79,2025-05-10
T2774,D10434,182.19,2022-06-28
T2775,D10313,33.3,2022-03-27
T2776,D10156,427.45,2023-06-18
T2777,D10355,207.5,2025-04-07
T2778,D10340,347.81,2023-03-26
T2779,D10454,485.0,2022-12-19
T2780,D10348,39.28,2024-03-26
T2781,D10340,26.63,2022-03-06
T2782,D10099,261.27,2022-09-04
T2783,D10207,471.46,2025-12-03
T2784,D10158,37.41,2022-07-05
T2785,D10380,260.0,2023-12-31
T2786,D10103,115.16,2024-05-25
T2787,D10181,478.43,2025-04-25
T2788,D10384,249.12,2024-01-21
T2789,D10463,69.38,2025-08-07
T2790,D10354,37.74,2022-11-08
T2791,D10222,125.87,2025-12-05
T2792,D10232,304.53,2024-04-26
T2793,D10072,249.89,2025-05-06
T2794,D10480,292.2,2023-08-30
T2795,D10458,22.34,2023-09-22
T2796,D10007,319.65,2024-07-31
T2797,D10132,246.43,2025-04-29
T2798,D10412,287.32,2024-12-20
T2799,D10320,283.77,2023-03-20
T2800,D10201,94.66,2022-09-27
T2801,D10343,162.45,2023-12-17
T2802,D10118,100.68,2024-08-02
T2803,D10093,231.8,2025-03-09
T2804,D10122,292.06,2025-05-10
T2805,D10076,161.02,2022-06-07
T2806,D10209,184.61,2022-08-03
T2807,D10370,192.89,2024-08-31
T2808,D10314,421.54,2022-06-13
T2809,D10457,130.38,2025-01-06
T2810,D10385,365.13,2025-02-04
T2811,D10232,377.99,2025-03-14
T2812,D10147,208.81,2023-12-21
T2813,D10416,90.63,2025-09-28
T2814,D10027,39.43,2023-09-10
T2815,D10205,435.56,2025-12-16
T2816,D10153,319.55,2025-07-23
T2817,D10193,456.74,2024-01-29
T2818,D10089,243.79,2025-12-29
T2819,D10107,108.75,2022-11-18
T2820,D10202,179.66,2024-11-22
T2821,D10393,221.83,2023-11-29
T2822,D10369,281.26,2025-02-13
T2823,D10320,465.52,2022-05-29
T2824,D10431,379.64,2022-04-19
T2825,D10004,288.69,2025-06-20
T2826,D10366,130.5,2022-04-16
T2827,D10047,327.11,2024-09-03
T2828,D10334,301.78,2026-02-11
T2829,D10118,307.71,2023-11-08
T2830,D10129,193.15,2022-09-24
T2831,D10476,438.1,2023-06-08
T2832,D10184,316.88,2024-07-14
T2833,D10009,158.31,2022-03-25
T2834,D10114,167.16,2024-10-18
T2835,D10106,400.18,2023-12-25
T2836,D10243,95.02,2025-06-30
T2837,D10179,451.77,2024-02-17
T2838,D10071,241.56,2023-10-14
T2839,D10074,211.03,2025-06-22
T2840,D10045,198.78,2023-04-18
T2841,D10142,409.23,2025-09-27
T2842,D10154,334.67,2025-02-17
T2843,D10152,403.96,2022-03-11
T2844,D10162,19.49,2025-06-25
T2845,D10395,295.87,2025-06-30
T2846,D10478,76.94,2023-06-15
T2847,D10278,391.93,2023-06-22
T2848,D10386,237.82,2025-12-07
T2849,D10022,272.96,2023-08-06
T2850,D10220,26.74,2022-08-28
T2851,D10408,251.46,2023-07-01
T2852,D10404,333.04,2024-02-27
T2853,D10035,196.45,2022-05-29
T2854,D10433,201.15,2024-06-15
T2855,D10275,187.78,2024-12-01
T2856,D10186,268.8,2023-12-28
T2857,D10152,291.59,2024-10-25
T2858,D10012,349.74,2024-04-02
T2859,D10077,71.23,2025-02-27
T2860,D10200,259.6,2023-04-21
T2861,D10188,202.07,2025-09-02
T2862,D10498,409.26,2024-01-30
T2863,D10245,405.5,2024-12-16
T2864,D10196,22.08,2025-07-29
T2865,D10148,371.53,2022-07-16
T2866,D10168,118.03,2024-02-10
T2867,D10332,68.88,2023-07-02
T2868,D10239,470.98,2026-01-28
T2869,D10299,168.77,2022-09-07
T2870,D10246,226.92,2023-02-04
T2871,D10267,452.93,2024-02-06
T2872,D10446,273.35,2022-11-23
T2873,D10239,166.2,2024-02-18
T2874,D10091,207.36,2022-07-10
T2875,D10063,413.42,2025-11-10
T2876,D10286,273.18,2025-07-07
T2877,D10459,461.02,2024-08-31
T2878,D10030,53.14,2023-08-20
T2879,D10219,45.87,2025-11-16
T2880,D10449,369.74,2025-01-20
T2881,D10476,157.22,2024-06-06
T2882,D10408,208.7,2023-12-13
T2883,D10401,19.04,2024-09-25
T2884,D10333,30.42,2024-06-18
T2885,D10180,28.57,2023-11-12
T2886,D10039,55.98,2024-12-16
T2887,D10224,303.53,2024-07-05
T2888,D10127,139.08,2022-03-20
T2889,D10073,220.17,2025-04-15
T2890,D10411,418.38,2024-11-26
T2891,D10146,33.68,2022-11-29
T2892,D10441,296.37,2024-09-21
T2893,D10057,469.11,2024-03-16
T2894,D10082,65.7,2023-09-27
T2895,D10212,230.85,2024-11-10
T2896,D10164,245.34,2024-05-26
T2897,D10258,285.3,2023-12-16
T2898,D10478,135.58,2025-12-09
T2899,D10115,97.1,2024-12-09
T2900,D10344,366.18,2024-03-21
T2901,D10226,86.87,2024-10-12
T2902,D10341,234.45,2024-02-10
T2903,D10099,314.93,2023-09-04
T2904,D10366,340.31,2024-07-11
T2905,D10458,360.4,2026-02-16
T2906,D10375,453.75,2024-01-28
T2907,D10205,325.16,2025-04-28
T2908,D10364,290.72,2025-10-19
T2909,D10199,69.48,2025-03-12
T2910,D10336,445.54,2024-07-06
T2911,D10366,58.1,2024-05-09
T2912,D10236,218.1,2025-12-20
T2913,D10010,380.22,2022-05-21
T2914,D10444,136.55,2024-04-16
T2915,D10126,338.75,2022-03-12
T2916,D10101,462.23,2025-07-02
T2917,D10230,42.08,2024-05-10
T2918,D10278,188.06,2023-10-29
T2919,D10043,362.23,2024-10-05
T2920,D10107,268.06,2024-12-10
T2921,D10277,179.95,2024-05-10
T2922,D10471,43.86,2022-12-12
T2923,D10074,164.21,2022-12-02
T2924,D10057,263.45,2024-09-17
T2925,D10315,488.6,2023-11-08
T2926,D10049,485.21,2024-01-16
T2927,D10457,143.38,2024-04-23
T2928,D10105,283.94,2024-05-31
T2929,D10190,401.0,2025-08-04
T2930,D10493,208.7,2025-06-06
T2931,D10477,223.97,2023-12-20
T2932,D10045,431.53,2022-07-10
T2933,D10354,142.82,2024-07-05
T2934,D10313,271.7,2024-02-16
T2935,D10403,159.64,2024-04-09
T2936,D10309,438.04,2023-03-08
T2937,D10441,124.79,2022-03-11
T2938,D10320,431.59,2025-05-07
T2939,D10421,436.18,2022-12-17
T2940,D10412,447.64,2024-07-31
T2941,D10342,278.48,2025-11-29
T2942,D10348,364.54,2022-06-25
T2943,D10328,100.28,2022-06-06
T2944,D10276,331.46,2024-08-30
T2945,D10277,282.14,2026-02-05
T2946,D10354,180.14,2024-08-03
T2947,D10353,439.07,2023-08-09
T2948,D10014,62.93,2025-11-24
T2949,D10371,31.0,2025-07-27
T2950,D10053,34.58,2024-11-14
T2951,D10210,415.9,2023-12-29
T2952,D10041,253.49,2022-06-18
T2953,D10241,43.66,2024-05-30
T2954,D10219,237.33,2024-02-26
T2955,D10310,123.6,2022-03-19
T2956,D10042,321.57,2024-05-31
T2957,D10306,55.72,2022-04-17
T2958,D10451,233.4,2025-07-08
T2959,D10300,126.02,2022-07-16
T2960,D10418,19.3,2024-03-05
T2961,D10262,307.17,2025-10-19
T2962,D10023,398.35,2024-12-19
T2963,D10221,283.99,2023-07-09
T2964,D10475,489.29,2022-08-17
T2965,D10497,466.48,2023-10-04
T2966,D10116,195.86,2025-08-26
T2967,D10067,227.79,2024-02-08
T2968,D10130,395.29,2022-06-15
T2969,D10145,35.07,2025-05-30
T2970,D10078,185.15,2025-03-16
T2971,D10451,186.73,2023-12-30
T2972,D10091,366.61,2022-09-08
T2973,D10053,13.22,2022-12-23
T2974,D10194,211.77,2024-04-04
T2975,D10413,170.9,2024-08-31
T2976,D10092,181.41,2025-10-07
T2977,D10271,409.32,2026-01-03
T2978,D10375,320.93,2023-08-10
T2979,D10140,440.57,2023-04-27
T2980,D10113,294.39,2023-03-03
T2981,D10153,479.92,2023-12-27
T2982,D10022,114.71,2025-08-08
T2983,D10411,15.75,2024-05-07
T2984,D10049,401.85,2024-06-27
T2985,D10444,350.27,2023-11-17
T2986,D10388,146.32,2025-11-29
T2987,D10237,68.51,2024-10-20
T2988,D10158,198.12,2024-08-02
T2989,D10075,479.56,2023-04-21
T2990,D10049,47.46,2024-06-20
T2991,D10378,69.06,2022-12-04
T2992,D10213,331.25,2023-10-03
T2993,D10305,373.81,2024-07-27
T2994,D10123,98.34,2025-07-10
T2995,D10471,477.57,2023-04-07
T2996,D10232,118.43,2023-09-25
T2997,D10363,325.47,2022-08-04
T2998,D10039,293.63,2025-11-28
T2999,D10345,487.2,2023-12-25
T3000,D10023,247.92,2025-10-19
